Sample,Trt,Rep,Block,SoilType,Variety,SoilYear,DateGerm,WCR,DateWCR,WCRAdded,Height,Vstage,RootMass,ShootMass,RootShootRatio,WCRRecovered,WCRSurvival,WCRWeightAvg,WCRInstarAvg,WCRTotalWeight,WCR3rdInstar
A01,A,1,1,CCFallow,MastersChoice,2021,6/7/2021,yes,7/14/2021,19,NA,NA,NA,0.876,NA,0,0,NA,NA,NA,
A02,A,2,1,CCFallow,MastersChoice,2021,6/7/2021,no,7/14/2021,0,NA,NA,2.3968,1.2108,1.979517674,NA,NA,NA,NA,NA,
A03,A,3,1,CCFallow,MastersChoice,2021,6/7/2021,no,7/14/2021,0,NA,NA,0.86,1.4335,0.599930241,NA,NA,NA,NA,NA,
A04,A,4,1,CCFallow,MastersChoice,2021,6/7/2021,no,7/14/2021,0,NA,NA,1.2151,1.0482,1.159225339,NA,NA,NA,NA,NA,
A05,A,5,1,CCFallow,MastersChoice,2021,6/7/2021,yes,7/14/2021,20,NA,NA,NA,1.2342,NA,2,0.1,4.9085,3,9.817,
A06,A,6,1,CCFallow,MastersChoice,2021,6/7/2021,no,7/14/2021,0,NA,NA,NA,NA,NA,NA,NA,NA,NA,NA,
A07,A,7,1,CCFallow,MastersChoice,2021,6/7/2021,no,7/14/2021,0,NA,NA,3.414,1.9611,1.740859722,NA,NA,NA,NA,NA,
A08,A,8,1,CCFallow,MastersChoice,2021,6/7/2021,yes,7/14/2021,20,NA,NA,NA,0.985,NA,0,0,NA,NA,NA,
B01,B,1,1,CCPea,MastersChoice,2021,6/7/2021,no,7/14/2021,0,NA,NA,5.328,0.9941,5.359621768,NA,NA,NA,NA,NA,
B02,B,2,1,CCPea,MastersChoice,2021,6/7/2021,yes,7/14/2021,20,NA,NA,NA,1.8193,NA,2,0.1,1.1875,3,2.375,
B03,B,3,1,CCPea,MastersChoice,2021,6/7/2021,no,7/14/2021,0,NA,NA,3.19,1.2485,2.555066079,NA,NA,NA,NA,NA,
B04,B,4,1,CCPea,MastersChoice,2021,6/7/2021,no,7/14/2021,0,NA,NA,3.2538,1.4763,2.204023572,NA,NA,NA,NA,NA,
B05,B,5,1,CCPea,MastersChoice,2021,6/7/2021,no,7/14/2021,0,NA,NA,2.6374,2.308,1.142720971,NA,NA,NA,NA,NA,
B06,B,6,1,CCPea,MastersChoice,2021,6/7/2021,no,7/14/2021,0,NA,NA,NA,NA,NA,NA,NA,NA,NA,NA,
B07,B,7,1,CCPea,MastersChoice,2021,6/7/2021,yes,7/14/2021,20,NA,NA,NA,1.0071,NA,2,0.1,1.925,3,3.85,
B08,B,8,1,CCPea,MastersChoice,2021,6/7/2021,yes,7/14/2021,19,NA,NA,NA,1.2394,NA,3,0.157894737,1.754,2.666666667,5.262,
C01,C,1,1,CCRadish,MastersChoice,2021,6/7/2021,no,7/14/2021,0,NA,NA,2.6257,0.8298,3.164256447,NA,NA,NA,NA,NA,
C02,C,2,1,CCRadish,MastersChoice,2021,6/7/2021,no,7/14/2021,0,NA,NA,1.2915,0.7157,1.804527036,NA,NA,NA,NA,NA,
C03,C,3,1,CCRadish,MastersChoice,2021,6/7/2021,no,7/14/2021,0,NA,NA,1.4311,0.7913,1.808542904,NA,NA,NA,NA,NA,
C04,C,4,1,CCRadish,MastersChoice,2021,6/7/2021,yes,7/14/2021,15,NA,NA,NA,1.3589,NA,2,0.133333333,2.4115,3,4.823,
C05,C,5,1,CCRadish,MastersChoice,2021,6/7/2021,no,7/14/2021,0,NA,NA,NA,NA,NA,NA,NA,NA,NA,NA,
C06,C,6,1,CCRadish,MastersChoice,2021,6/7/2021,yes,7/14/2021,20,NA,NA,NA,0.897,NA,2,0.1,1.622,3,3.244,
C07,C,7,1,CCRadish,MastersChoice,2021,6/7/2021,no,7/14/2021,0,NA,NA,2.8733,1.077,2.667873723,NA,NA,NA,NA,NA,
C08,C,8,1,CCRadish,MastersChoice,2021,6/7/2021,yes,7/14/2021,20,NA,NA,NA,0.8996,NA,1,0.05,0.883,3,0.883,
D01,D,1,1,CCTriticale,MastersChoice,2021,6/7/2021,yes,7/14/2021,20,NA,NA,NA,1.3162,NA,2,0.1,0.4915,2.5,0.983,
D02,D,2,1,CCTriticale,MastersChoice,2021,6/7/2021,no,7/14/2021,0,NA,NA,2.6276,1.4898,1.763726675,NA,NA,NA,NA,NA,
D03,D,3,1,CCTriticale,MastersChoice,2021,6/7/2021,no,7/14/2021,0,NA,NA,2.572,1.0897,2.360282647,NA,NA,NA,NA,NA,
D04,D,4,1,CCTriticale,MastersChoice,2021,6/7/2021,no,7/14/2021,0,NA,NA,2.4306,1.1353,2.140931912,NA,NA,NA,NA,NA,
D05,D,5,1,CCTriticale,MastersChoice,2021,6/7/2021,no,7/14/2021,0,NA,NA,2.7386,0.8054,3.400297989,NA,NA,NA,NA,NA,
D06,D,6,1,CCTriticale,MastersChoice,2021,6/7/2021,yes,7/14/2021,20,NA,NA,NA,0.8595,NA,5,0.25,0.288,2,1.44,
D07,D,7,1,CCTriticale,MastersChoice,2021,6/7/2021,no,7/14/2021,0,NA,NA,1.5567,1.0281,1.51415232,NA,NA,NA,NA,NA,
D08,D,8,1,CCTriticale,MastersChoice,2021,6/7/2021,yes,7/14/2021,20,NA,NA,NA,1.2594,NA,3,0.15,0.636,2.333333333,1.908,
E01,E,1,1,CCMix,MastersChoice,2021,6/7/2021,no,7/14/2021,0,NA,NA,0.8837,0.6356,1.390339836,NA,NA,NA,NA,NA,
E02,E,2,1,CCMix,MastersChoice,2021,6/7/2021,no,7/14/2021,0,NA,NA,4.5173,1.3623,3.315936284,NA,NA,NA,NA,NA,
E03,E,3,1,CCMix,MastersChoice,2021,6/7/2021,yes,7/14/2021,20,NA,NA,NA,0.9196,NA,2,0.1,0.187,2,0.374,
E04,E,4,1,CCMix,MastersChoice,2021,6/7/2021,yes,7/14/2021,17,NA,NA,NA,0.8705,NA,2,0.117647059,0.8015,2.5,1.603,
E05,E,5,1,CCMix,MastersChoice,2021,6/7/2021,yes,7/14/2021,20,NA,NA,NA,1.2207,NA,0,0,NA,NA,NA,
E06,E,6,1,CCMix,MastersChoice,2021,6/7/2021,no,7/14/2021,0,NA,NA,3.695,0.8144,4.537082515,NA,NA,NA,NA,NA,
E07,E,7,1,CCMix,MastersChoice,2021,6/7/2021,no,7/14/2021,0,NA,NA,1.7231,0.8142,2.116310489,NA,NA,NA,NA,NA,
E08,E,8,1,CCMix,MastersChoice,2021,6/7/2021,no,7/14/2021,0,NA,NA,1.031,1.2272,0.840123859,NA,NA,NA,NA,NA,
F01,F,1,1,ConvFallow,MastersChoice,2021,6/7/2021,no,7/14/2021,0,NA,NA,0.6602,0.4318,1.528948587,NA,NA,NA,NA,NA,
F02,F,2,1,ConvFallow,MastersChoice,2021,6/7/2021,yes,7/14/2021,20,NA,NA,NA,0.5657,NA,1,0.05,0.335,2,0.335,
F03,F,3,1,ConvFallow,MastersChoice,2021,6/7/2021,no,7/14/2021,0,NA,NA,2.205,0.7186,3.068466463,NA,NA,NA,NA,NA,
F04,F,4,1,ConvFallow,MastersChoice,2021,6/7/2021,no,7/14/2021,0,NA,NA,1.8815,1.4095,1.334870521,NA,NA,NA,NA,NA,
F05,F,5,1,ConvFallow,MastersChoice,2021,6/7/2021,yes,7/14/2021,20,NA,NA,NA,0.8044,NA,1,0.05,0.573,3,0.573,
F06,F,6,1,ConvFallow,MastersChoice,2021,6/7/2021,no,7/14/2021,0,NA,NA,1.2998,0.7077,1.836653949,NA,NA,NA,NA,NA,
F07,F,7,1,ConvFallow,MastersChoice,2021,6/7/2021,yes,7/14/2021,18,NA,NA,NA,0.6344,NA,1,0.055555556,0.326,2,0.326,
F08,F,8,1,ConvFallow,MastersChoice,2021,6/7/2021,no,7/14/2021,0,NA,NA,0.6477,0.8595,0.753577661,NA,NA,NA,NA,NA,
G01,G,1,1,CCFallow,BlueRiverOrganic,2021,6/7/2021,no,7/14/2021,0,NA,NA,0.6842,1.0549,0.648592284,NA,NA,NA,NA,NA,
G02,G,2,1,CCFallow,BlueRiverOrganic,2021,6/7/2021,yes,7/14/2021,16,NA,NA,NA,0.8781,NA,1,0.0625,1.61,3,1.61,
G03,G,3,1,CCFallow,BlueRiverOrganic,2021,6/7/2021,yes,7/14/2021,20,NA,NA,NA,0.9132,NA,1,0.05,2.024,3,2.024,
G04,G,4,1,CCFallow,BlueRiverOrganic,2021,6/7/2021,no,7/14/2021,0,NA,NA,2.1037,1.2454,1.689176168,NA,NA,NA,NA,NA,
G05,G,5,1,CCFallow,BlueRiverOrganic,2021,6/7/2021,no,7/14/2021,0,NA,NA,2.5585,1.333,1.919354839,NA,NA,NA,NA,NA,
G06,G,6,1,CCFallow,BlueRiverOrganic,2021,6/7/2021,no,7/14/2021,0,NA,NA,2.1889,0.8834,2.477812995,NA,NA,NA,NA,NA,
G07,G,7,1,CCFallow,BlueRiverOrganic,2021,6/7/2021,yes,7/14/2021,20,NA,NA,NA,1.0197,NA,4,0.2,0.9875,2.75,3.95,
G08,G,8,1,CCFallow,BlueRiverOrganic,2021,6/7/2021,no,7/14/2021,0,NA,NA,1.4625,0.999,1.463963964,NA,NA,NA,NA,NA,
H01,H,1,1,CCPea,BlueRiverOrganic,2021,6/7/2021,no,7/14/2021,0,NA,NA,5.5573,1.9889,2.794157575,NA,NA,NA,NA,NA,
H02,H,2,1,CCPea,BlueRiverOrganic,2021,6/7/2021,yes,7/14/2021,17,NA,NA,NA,0.9193,NA,1,0.058823529,3.32,3,3.32,
H03,H,3,1,CCPea,BlueRiverOrganic,2021,6/7/2021,no,7/14/2021,0,NA,NA,4.5295,1.5814,2.864234223,NA,NA,NA,NA,NA,
H04,H,4,1,CCPea,BlueRiverOrganic,2021,6/7/2021,no,7/14/2021,0,NA,NA,2.4502,0.8852,2.767962042,NA,NA,NA,NA,NA,
H05,H,5,1,CCPea,BlueRiverOrganic,2021,6/7/2021,yes,7/14/2021,20,NA,NA,NA,1.19,NA,0,0,NA,NA,NA,
H06,H,6,1,CCPea,BlueRiverOrganic,2021,6/7/2021,yes,7/14/2021,20,NA,NA,NA,1.7594,NA,4,0.2,1.34,3,5.36,
H07,H,7,1,CCPea,BlueRiverOrganic,2021,6/7/2021,no,7/14/2021,0,NA,NA,3.8318,1.3459,2.847016866,NA,NA,NA,NA,NA,
H08,H,8,1,CCPea,BlueRiverOrganic,2021,6/7/2021,no,7/14/2021,0,NA,NA,1.9089,1.0757,1.774565399,NA,NA,NA,NA,NA,
I01,I,1,1,CCRadish,BlueRiverOrganic,2021,6/7/2021,no,7/14/2021,0,NA,NA,1.6842,0.4926,3.419001218,NA,NA,NA,NA,NA,
I02,I,2,1,CCRadish,BlueRiverOrganic,2021,6/7/2021,yes,7/14/2021,18,NA,NA,NA,0.6629,NA,2,0.111111111,0.9805,2,1.961,
I03,I,3,1,CCRadish,BlueRiverOrganic,2021,6/7/2021,no,7/14/2021,0,NA,NA,4.6707,1.2001,3.891925673,NA,NA,NA,NA,NA,
I04,I,4,1,CCRadish,BlueRiverOrganic,2021,6/7/2021,no,7/14/2021,0,NA,NA,2.5919,1.0894,2.379199559,NA,NA,NA,NA,NA,
I05,I,5,1,CCRadish,BlueRiverOrganic,2021,6/7/2021,no,7/14/2021,0,NA,NA,3.2625,1.1804,2.763893595,NA,NA,NA,NA,NA,
I06,I,6,1,CCRadish,BlueRiverOrganic,2021,6/7/2021,yes,7/14/2021,20,NA,NA,NA,0.884,NA,0,0,NA,NA,NA,
I07,I,7,1,CCRadish,BlueRiverOrganic,2021,6/7/2021,yes,7/14/2021,20,NA,NA,NA,1.0544,NA,3,0.15,1.007333333,2.666666667,3.022,
I08,I,8,1,CCRadish,BlueRiverOrganic,2021,6/7/2021,no,7/14/2021,0,NA,NA,1.75,1.0473,1.67096343,NA,NA,NA,NA,NA,
J01,J,1,1,CCTriticale,BlueRiverOrganic,2021,6/7/2021,no,7/14/2021,0,NA,NA,2.31,1.339,1.725168036,NA,NA,NA,NA,NA,
J02,J,2,1,CCTriticale,BlueRiverOrganic,2021,6/7/2021,yes,7/14/2021,16,NA,NA,NA,0.8029,NA,0,0,NA,NA,NA,
J03,J,3,1,CCTriticale,BlueRiverOrganic,2021,6/7/2021,no,7/14/2021,0,NA,NA,4.2718,1.0118,4.221980629,NA,NA,NA,NA,NA,
J04,J,4,1,CCTriticale,BlueRiverOrganic,2021,6/7/2021,no,7/14/2021,0,NA,NA,2.1066,1.0074,2.09112567,NA,NA,NA,NA,NA,
J05,J,5,1,CCTriticale,BlueRiverOrganic,2021,6/7/2021,no,7/14/2021,0,NA,NA,1.8112,0.6148,2.945998699,NA,NA,NA,NA,NA,
J06,J,6,1,CCTriticale,BlueRiverOrganic,2021,6/7/2021,yes,7/14/2021,19,NA,NA,NA,0.8632,NA,0,0,NA,NA,NA,
J07,J,7,1,CCTriticale,BlueRiverOrganic,2021,6/7/2021,no,7/14/2021,0,NA,NA,1.9543,0.6681,2.925160904,NA,NA,NA,NA,NA,
J08,J,8,1,CCTriticale,BlueRiverOrganic,2021,6/7/2021,yes,7/14/2021,20,NA,NA,NA,1.0233,NA,1,0.05,0.452,2,0.452,
K01,K,1,1,CCMix,BlueRiverOrganic,2021,6/7/2021,no,7/14/2021,0,NA,NA,1.9002,1.0612,1.790614399,NA,NA,NA,NA,NA,
K02,K,2,1,CCMix,BlueRiverOrganic,2021,6/7/2021,no,7/14/2021,0,NA,NA,4.0072,1.4052,2.851693709,NA,NA,NA,NA,NA,
K03,K,3,1,CCMix,BlueRiverOrganic,2021,6/7/2021,no,7/14/2021,0,NA,NA,4.1169,1.0773,3.82149819,NA,NA,NA,NA,NA,
K04,K,4,1,CCMix,BlueRiverOrganic,2021,6/7/2021,yes,7/14/2021,18,NA,NA,NA,1.321,NA,0,0,NA,NA,NA,
K05,K,5,1,CCMix,BlueRiverOrganic,2021,6/7/2021,yes,7/14/2021,20,NA,NA,NA,1.0419,NA,7,0.35,1.2595,2.666666667,8.8165,
K06,K,6,1,CCMix,BlueRiverOrganic,2021,6/7/2021,yes,7/14/2021,18,NA,NA,NA,0.9809,NA,0,0,NA,NA,NA,
K07,K,7,1,CCMix,BlueRiverOrganic,2021,6/7/2021,no,7/14/2021,0,NA,NA,0.1936,0.0735,2.634013605,NA,NA,NA,NA,NA,
K08,K,8,1,CCMix,BlueRiverOrganic,2021,6/7/2021,no,7/14/2021,0,NA,NA,2.1097,NA,NA,NA,NA,NA,NA,NA,
L01,L,1,1,ConvFallow,BlueRiverOrganic,2021,6/7/2021,yes,7/14/2021,18,NA,NA,NA,0.7666,NA,0,0,NA,NA,NA,
L02,L,2,1,ConvFallow,BlueRiverOrganic,2021,6/7/2021,no,7/14/2021,0,NA,NA,1.5567,0.7588,2.05152873,NA,NA,NA,NA,NA,
L03,L,3,1,ConvFallow,BlueRiverOrganic,2021,6/7/2021,yes,7/14/2021,20,NA,NA,NA,0.7987,NA,1,0.05,0.041,1,0.041,
L04,L,4,1,ConvFallow,BlueRiverOrganic,2021,6/7/2021,no,7/14/2021,0,NA,NA,1.9882,0.7302,2.722815667,NA,NA,NA,NA,NA,
L05,L,5,1,ConvFallow,BlueRiverOrganic,2021,6/7/2021,no,7/14/2021,0,NA,NA,2.0617,0.7298,2.825020554,NA,NA,NA,NA,NA,
L06,L,6,1,ConvFallow,BlueRiverOrganic,2021,6/7/2021,no,7/14/2021,0,NA,NA,0.9015,0.9089,0.99185829,NA,NA,NA,NA,NA,
L07,L,7,1,ConvFallow,BlueRiverOrganic,2021,6/7/2021,yes,7/14/2021,20,NA,NA,NA,0.927,NA,1,0.05,2.707,3,2.707,
L08,L,8,1,ConvFallow,BlueRiverOrganic,2021,6/7/2021,no,7/14/2021,0,NA,NA,2.2891,0.6226,3.676678445,NA,NA,NA,NA,NA,
A09,A,9,2,CCFallow,MastersChoice,2021,7/6/2021,no,8/4/2021,0,38,5,0.9615,1.0309,0.932680182,NA,NA,NA,NA,NA,NA
A10,A,10,2,CCFallow,MastersChoice,2021,7/6/2021,yes,8/4/2021,20,29,5,NA,0.8967,NA,1,0.05,1.164,3,1.164,1
A11,A,11,2,CCFallow,MastersChoice,2021,7/6/2021,yes,8/4/2021,20,30,5,NA,1.0725,NA,5,0.25,0.3538,2.8,1.769,0.8
A12,A,12,2,CCFallow,MastersChoice,2021,7/6/2021,no,8/4/2021,0,33,4,0.8368,1.0317,0.811088495,NA,NA,NA,NA,NA,NA
A13,A,13,2,CCFallow,MastersChoice,2021,7/6/2021,yes,8/4/2021,20,32,5,NA,0.9006,NA,8,0.4,0.15275,2.25,1.222,0.375
A14,A,14,2,CCFallow,MastersChoice,2021,7/6/2021,yes,8/4/2021,19,34,5,NA,0.9694,NA,7,0.368,0.332,2.857,2.327,0.857142857
A15,A,15,2,CCFallow,MastersChoice,2021,7/6/2021,yes,8/4/2021,1,28,5,1.4916,1.0416,1.43202765,NA,NA,NA,NA,NA,NA
A16,A,16,2,CCFallow,MastersChoice,2021,7/6/2021,no,8/4/2021,0,31,5,0.8132,0.9806,0.829288191,NA,NA,NA,NA,NA,NA
B09,B,9,2,CCPea,MastersChoice,2021,7/6/2021,yes,8/4/2021,20,34,5,NA,1.0979,NA,2,0.1,1.794,3,3.587,1
B10,B,10,2,CCPea,MastersChoice,2021,7/6/2021,yes,8/4/2021,20,35,5,NA,1.6303,NA,2,0.1,0.44,3,0.879,1
B11,B,11,2,CCPea,MastersChoice,2021,7/6/2021,yes,8/4/2021,1,45,5,1.6842,1.5952,1.055792377,NA,NA,NA,NA,NA,NA
B12,B,12,2,CCPea,MastersChoice,2021,7/6/2021,no,8/4/2021,0,38,5,1.0006,1.3443,0.744327903,NA,NA,NA,NA,NA,NA
B13,B,13,2,CCPea,MastersChoice,2021,7/6/2021,no,8/4/2021,0,35,5,1.6446,1.5769,1.042932336,NA,NA,NA,NA,NA,NA
B14,B,14,2,CCPea,MastersChoice,2021,7/6/2021,yes,8/4/2021,20,34,5,NA,1.2155,NA,9,0.45,0.414,2.778,3.722,0.777777778
B15,B,15,2,CCPea,MastersChoice,2021,7/6/2021,no,8/4/2021,0,33,5,0.9147,1.1416,0.801243868,NA,NA,NA,NA,NA,NA
B16,B,16,2,CCPea,MastersChoice,2021,7/6/2021,yes,8/4/2021,20,30,5,NA,1.1208,NA,2,0.1,0.498,3,0.996,1
C09,C,9,2,CCRadish,MastersChoice,2021,7/6/2021,yes,8/4/2021,18,29,4,NA,0.9456,NA,10,0.555555556,0.4215,2.9,4.215,0.9
C10,C,10,2,CCRadish,MastersChoice,2021,7/6/2021,no,8/4/2021,0,29,4,0.796,0.749,1.062750334,NA,NA,NA,NA,NA,NA
C11,C,11,2,CCRadish,MastersChoice,2021,7/6/2021,no,8/4/2021,0,28,5,0.687,0.8012,0.857463804,NA,NA,NA,NA,NA,NA
C12,C,12,2,CCRadish,MastersChoice,2021,7/6/2021,no,8/4/2021,0,32,4,0.4537,0.7557,0.600370517,NA,NA,NA,NA,NA,NA
C13,C,13,2,CCRadish,MastersChoice,2021,7/6/2021,yes,8/4/2021,20,36,5,NA,1.1412,NA,8,0.4,0.202875,2.875,1.623,0.875
C14,C,14,2,CCRadish,MastersChoice,2021,7/6/2021,no,8/4/2021,0,23,4,0.3833,0.5907,0.648891146,NA,NA,NA,NA,NA,NA
C15,C,15,2,CCRadish,MastersChoice,2021,7/6/2021,yes,8/4/2021,20,28,4,NA,0.852,NA,11,0.55,0.211454545,2.909090909,2.326,0.909090909
C16,C,16,2,CCRadish,MastersChoice,2021,7/6/2021,yes,8/4/2021,19,35,5,NA,0.805,NA,8,0.421052632,0.23075,2.625,1.846,0.625
D09,D,9,2,CCTriticale,MastersChoice,2021,7/6/2021,yes,8/4/2021,18,32,4,NA,0.871,NA,4,0.222222222,0.4735,3,1.894,1
D10,D,10,2,CCTriticale,MastersChoice,2021,7/6/2021,no,8/4/2021,0,33,4,0.9322,1.1949,0.780148966,NA,NA,NA,NA,NA,NA
D11,D,11,2,CCTriticale,MastersChoice,2021,7/6/2021,no,8/4/2021,0,38,5,0.5368,0.9542,0.5625655,NA,NA,NA,NA,NA,NA
D12,D,12,2,CCTriticale,MastersChoice,2021,7/6/2021,no,8/4/2021,0,38,5,0.6584,0.817,0.805875153,NA,NA,NA,NA,NA,NA
D13,D,13,2,CCTriticale,MastersChoice,2021,7/6/2021,yes,8/4/2021,19,35,4,NA,1.0169,NA,3,0.157894737,0.213666667,3,0.641,1
D14,D,14,2,CCTriticale,MastersChoice,2021,7/6/2021,no,8/4/2021,0,24,5,0.6279,0.6744,0.931049822,NA,NA,NA,NA,NA,NA
D15,D,15,2,CCTriticale,MastersChoice,2021,7/6/2021,yes,8/4/2021,18,30,5,NA,0.8028,NA,2,0.111111111,0.25,2.5,0.5,0.5
D16,D,16,2,CCTriticale,MastersChoice,2021,7/6/2021,yes,8/4/2021,20,25,5,NA,0.8523,NA,3,0.15,0.655666667,3,1.967,1
E09,E,9,2,CCMix,MastersChoice,2021,7/6/2021,yes,8/4/2021,20,37,5,NA,1.161,NA,3,0.15,0.234,2.666666667,0.702,0.666666667
E10,E,10,2,CCMix,MastersChoice,2021,7/6/2021,yes,8/4/2021,20,35,5,NA,1.2239,NA,11,0.55,0.356818182,2.545454545,3.925,0.545454545
E11,E,11,2,CCMix,MastersChoice,2021,7/6/2021,no,8/4/2021,0,31,4,1.3889,1.7807,0.779974167,NA,NA,NA,NA,NA,NA
E12,E,12,2,CCMix,MastersChoice,2021,7/6/2021,no,8/4/2021,0,29,5,0.5349,0.825,0.648363636,NA,NA,NA,NA,NA,NA
E13,E,13,2,CCMix,MastersChoice,2021,7/6/2021,yes,8/4/2021,20,36,5,NA,0.7139,NA,3,0.15,0.210333333,2.666666667,0.631,0.666666667
E14,E,14,2,CCMix,MastersChoice,2021,7/6/2021,no,8/4/2021,0,35,5,0.6468,1.225,0.528,NA,NA,NA,NA,NA,NA
E15,E,15,2,CCMix,MastersChoice,2021,7/6/2021,yes,8/4/2021,20,39,5,NA,1.0701,NA,8,0.4,0.459875,2.75,3.679,0.75
E16,E,16,2,CCMix,MastersChoice,2021,7/6/2021,no,8/4/2021,0,26,5,0.937,1.0342,0.906014311,NA,NA,NA,NA,NA,NA
F09,F,9,2,ConvFallow,MastersChoice,2021,7/6/2021,yes,8/4/2021,20,25,5,NA,0.5705,NA,5,0.25,0.1366,2.4,0.683,0.4
F10,F,10,2,ConvFallow,MastersChoice,2021,7/6/2021,no,8/4/2021,0,26,5,0.3694,0.6752,0.547097156,NA,NA,NA,NA,NA,NA
F11,F,11,2,ConvFallow,MastersChoice,2021,7/6/2021,no,8/4/2021,0,38,5,1.0598,0.8654,1.224636006,NA,NA,NA,NA,NA,NA
F12,F,12,2,ConvFallow,MastersChoice,2021,7/6/2021,yes,8/4/2021,19,26,5,NA,0.5455,NA,6,0.315789474,0.174333333,2.5,1.046,0.5
F13,F,13,2,ConvFallow,MastersChoice,2021,7/6/2021,no,8/4/2021,0,34,4,0.9065,1.0555,0.858834676,NA,NA,NA,NA,NA,NA
F14,F,14,2,ConvFallow,MastersChoice,2021,7/6/2021,no,8/4/2021,0,34,5,0.5696,0.7063,0.80645618,NA,NA,NA,NA,NA,NA
F15,F,15,2,ConvFallow,MastersChoice,2021,7/6/2021,yes,8/4/2021,19,33,4,NA,0.7054,NA,5,0.263157895,0.2418,2.4,1.209,0.4
F16,F,16,2,ConvFallow,MastersChoice,2021,7/6/2021,yes,8/4/2021,20,33,5,NA,0.5923,NA,9,0.45,0.264444444,2.666666667,2.38,0.666666667
G09,G,9,2,CCFallow,BlueRiverOrganic,2021,7/6/2021,no,8/4/2021,0,27,5,0.6834,0.8219,0.831488016,NA,NA,NA,NA,NA,NA
G10,G,10,2,CCFallow,BlueRiverOrganic,2021,7/6/2021,yes,8/4/2021,20,35,5,NA,1.1834,NA,3,0.15,0.148333333,2.333333333,0.445,0.333333333
G11,G,11,2,CCFallow,BlueRiverOrganic,2021,7/6/2021,yes,8/4/2021,18,29,5,NA,1.2307,NA,6,0.333333333,0.238833333,2.5,1.433,0.5
G12,G,12,2,CCFallow,BlueRiverOrganic,2021,7/6/2021,no,8/4/2021,0,29,5,0.8725,0.9857,0.885157756,NA,NA,NA,NA,NA,NA
G13,G,13,2,CCFallow,BlueRiverOrganic,2021,7/6/2021,yes,8/4/2021,20,29,5,NA,1.1232,NA,1,0.05,0.124,2,0.124,0
G14,G,14,2,CCFallow,BlueRiverOrganic,2021,7/6/2021,no,8/4/2021,0,34,5,0.5034,1.0465,0.481032011,NA,NA,NA,NA,NA,NA
G15,G,15,2,CCFallow,BlueRiverOrganic,2021,7/6/2021,yes,8/4/2021,1,33,3,0.3361,0.5388,0.623793615,NA,NA,NA,NA,NA,NA
G16,G,16,2,CCFallow,BlueRiverOrganic,2021,7/6/2021,yes,8/4/2021,20,24,5,NA,0.9831,NA,0,0,NA,NA,NA,NA
H09,H,9,2,CCPea,BlueRiverOrganic,2021,7/6/2021,no,8/4/2021,0,31,5,1.1364,1.4219,0.799212322,NA,NA,NA,NA,NA,NA
H10,H,10,2,CCPea,BlueRiverOrganic,2021,7/6/2021,yes,8/4/2021,1,30,5,0.8701,1.335,0.6517603,NA,NA,NA,NA,NA,NA
H11,H,11,2,CCPea,BlueRiverOrganic,2021,7/6/2021,yes,8/4/2021,20,31,5,NA,1.4678,NA,3,0.15,0.412333333,3,1.237,1
H12,H,12,2,CCPea,BlueRiverOrganic,2021,7/6/2021,no,8/4/2021,0,32,4,1.0818,1.641,0.659232176,NA,NA,NA,NA,NA,NA
H13,H,13,2,CCPea,BlueRiverOrganic,2021,7/6/2021,no,8/4/2021,0,37,5,0.847,1.558,0.5436457,NA,NA,NA,NA,NA,NA
H14,H,14,2,CCPea,BlueRiverOrganic,2021,7/6/2021,yes,8/4/2021,20,32,5,NA,1.4413,NA,0,0,NA,NA,NA,NA
H15,H,15,2,CCPea,BlueRiverOrganic,2021,7/6/2021,yes,8/4/2021,17,32,5,NA,1.8094,NA,4,0.235294118,0.237333333,2.75,0.949333333,0.75
H16,H,16,2,CCPea,BlueRiverOrganic,2021,7/6/2021,yes,8/4/2021,16,35,5,NA,1.5342,NA,3,0.1875,0.286333333,3,0.859,1
I09,I,9,2,CCRadish,BlueRiverOrganic,2021,7/6/2021,no,8/4/2021,0,24,5,0.454,0.7017,0.647000143,NA,NA,NA,NA,NA,NA
I10,I,10,2,CCRadish,BlueRiverOrganic,2021,7/6/2021,yes,8/4/2021,1,24,5,0.9845,0.9085,1.083654375,NA,NA,NA,NA,NA,NA
I11,I,11,2,CCRadish,BlueRiverOrganic,2021,7/6/2021,yes,8/4/2021,20,26,5,NA,0.7112,NA,3,0.15,0.165333333,2.666666667,0.496,0.666666667
I12,I,12,2,CCRadish,BlueRiverOrganic,2021,7/6/2021,no,8/4/2021,0,31,5,0.3516,0.7326,0.47993448,NA,NA,NA,NA,NA,NA
I13,I,13,2,CCRadish,BlueRiverOrganic,2021,7/6/2021,yes,8/4/2021,20,21,5,NA,0.7114,NA,8,0.4,0.373375,2.875,2.987,0.875
I14,I,14,2,CCRadish,BlueRiverOrganic,2021,7/6/2021,no,8/4/2021,0,28,5,0.5449,0.9553,0.570396734,NA,NA,NA,NA,NA,NA
I15,I,15,2,CCRadish,BlueRiverOrganic,2021,7/6/2021,yes,8/4/2021,20,30,5,NA,0.9523,NA,11,0.55,0.184727273,2.454545455,2.032,0.454545455
I16,I,16,2,CCRadish,BlueRiverOrganic,2021,7/6/2021,yes,8/4/2021,16,28,4,NA,0.7897,NA,6,0.375,0.237666667,2.666666667,1.426,0.666666667
J09,J,9,2,CCTriticale,BlueRiverOrganic,2021,7/6/2021,no,8/4/2021,0,29,5,0.6147,1.0202,0.602528916,NA,NA,NA,NA,NA,NA
J10,J,10,2,CCTriticale,BlueRiverOrganic,2021,7/6/2021,yes,8/4/2021,18,31,5,NA,0.7915,NA,2,0.111111111,0.3105,3,0.621,1
J11,J,11,2,CCTriticale,BlueRiverOrganic,2021,7/6/2021,yes,8/4/2021,20,24,5,NA,1.0732,NA,4,0.2,0.374,2.75,1.496,0.75
J12,J,12,2,CCTriticale,BlueRiverOrganic,2021,7/6/2021,yes,8/4/2021,15,36,5,NA,1.024,NA,9,0.6,0.416111111,2.777777778,3.745,0.777777778
J13,J,13,2,CCTriticale,BlueRiverOrganic,2021,7/6/2021,yes,8/4/2021,20,39,5,NA,0.9917,NA,7,0.35,0.22,2.714285714,1.54,0.714285714
J14,J,14,2,CCTriticale,BlueRiverOrganic,2021,7/6/2021,no,8/4/2021,0,29,5,0.849,0.781,1.087067862,NA,NA,NA,NA,NA,NA
J15,J,15,2,CCTriticale,BlueRiverOrganic,2021,7/6/2021,no,8/4/2021,0,28,5,0.5719,0.9154,0.624754206,NA,NA,NA,NA,NA,NA
J16,J,16,2,CCTriticale,BlueRiverOrganic,2021,7/6/2021,no,8/4/2021,0,19,5,0.3126,0.5095,0.613542689,NA,NA,NA,NA,NA,NA
K09,K,9,2,CCMix,BlueRiverOrganic,2021,7/6/2021,yes,8/4/2021,19,33,5,NA,1.1625,NA,2,0.105263158,0.35,3,0.7,1
K10,K,10,2,CCMix,BlueRiverOrganic,2021,7/6/2021,no,8/4/2021,0,27,5,0.8216,1.0634,0.772616137,NA,NA,NA,NA,NA,NA
K11,K,11,2,CCMix,BlueRiverOrganic,2021,7/6/2021,yes,8/4/2021,19,31,5,NA,1.2124,NA,6,0.315789474,0.261333333,2.5,1.568,0.5
K12,K,12,2,CCMix,BlueRiverOrganic,2021,7/6/2021,no,8/4/2021,0,28,5,0.6182,1.1504,0.537378303,NA,NA,NA,NA,NA,NA
K13,K,13,2,CCMix,BlueRiverOrganic,2021,7/6/2021,no,8/4/2021,0,24,5,0.7432,0.9464,0.785291631,NA,NA,NA,NA,NA,NA
K14,K,14,2,CCMix,BlueRiverOrganic,2021,7/6/2021,yes,8/4/2021,20,39,5,NA,1.0161,NA,3,0.15,0.246333333,2.666666667,0.739,0.666666667
K15,K,15,2,CCMix,BlueRiverOrganic,2021,7/6/2021,yes,8/4/2021,20,25,5,NA,1.0017,NA,3,0.15,0.204666667,2.666666667,0.614,0.666666667
K16,K,16,2,CCMix,BlueRiverOrganic,2021,7/6/2021,no,8/4/2021,0,27,5,0.8067,1.2024,0.670908184,NA,NA,NA,NA,NA,NA
L09,L,9,2,ConvFallow,BlueRiverOrganic,2021,7/6/2021,yes,8/4/2021,20,28,4,NA,0.8,NA,6,0.3,0.217333333,2.833333333,1.304,0.833333333
L10,L,10,2,ConvFallow,BlueRiverOrganic,2021,7/6/2021,yes,8/4/2021,1,30,5,0.5351,0.9685,0.552503872,NA,NA,NA,NA,NA,NA
L11,L,11,2,ConvFallow,BlueRiverOrganic,2021,7/6/2021,yes,8/4/2021,20,27,5,NA,0.62,NA,6,0.3,0.191166667,2.6,1.147,0.6
L12,L,12,2,ConvFallow,BlueRiverOrganic,2021,7/6/2021,yes,8/4/2021,20,26,5,NA,0.73,NA,5,0.25,0.1262,2.4,0.631,0.4
L13,L,13,2,ConvFallow,BlueRiverOrganic,2021,7/6/2021,no,8/4/2021,0,31,5,0.615,0.7866,0.781845919,NA,NA,NA,NA,NA,NA
L14,L,14,2,ConvFallow,BlueRiverOrganic,2021,7/6/2021,no,8/4/2021,0,30,5,0.6033,0.9026,0.668402393,NA,NA,NA,NA,NA,NA
L15,L,15,2,ConvFallow,BlueRiverOrganic,2021,7/6/2021,no,8/4/2021,0,29,5,0.6433,0.77,0.835454545,NA,NA,NA,NA,NA,NA
L16,L,16,2,ConvFallow,BlueRiverOrganic,2021,7/6/2021,yes,8/4/2021,20,35,5,NA,0.6592,NA,2,0.1,0.332,3,0.664,1
A17,A,17,3,CCFallow,MastersChoice,2021,7/19/2021,no,8/17/2021,0,41,5,0.9195,1.844,0.498644252,NA,NA,NA,NA,NA,NA
A18,A,18,3,CCFallow,MastersChoice,2021,7/19/2021,no,8/17/2021,0,49,5,1.1585,1.8605,0.622682075,NA,NA,NA,NA,NA,NA
A19,A,19,3,CCFallow,MastersChoice,2021,7/19/2021,no,8/17/2021,0,46,5,0.911,1.7204,0.529528017,NA,NA,NA,NA,NA,NA
A20,A,20,3,CCFallow,MastersChoice,2021,7/19/2021,yes,8/17/2021,19,51,5,NA,1.1726,NA,5,0.25,0.3516,2.6,1.758,0.6
A21,A,21,3,CCFallow,MastersChoice,2021,7/19/2021,yes,8/17/2021,20,47,5,NA,1.2379,NA,6,0.3,0.325833333,2.5,1.955,0.5
A22,A,22,3,CCFallow,MastersChoice,2021,7/19/2021,no,8/17/2021,0,42,5,0.6373,0.8947,0.712305801,NA,NA,NA,NA,NA,NA
A23,A,23,3,CCFallow,MastersChoice,2021,7/19/2021,yes,8/17/2021,20,47,5,NA,2.1916,NA,7,0.35,0.381,2.857142857,2.667,0.857142857
A24,A,24,3,CCFallow,MastersChoice,2021,7/19/2021,yes,8/17/2021,20,39,5,NA,0.9693,NA,1,0.05,1.13,3,1.13,1
B17,B,17,3,CCPea,MastersChoice,2021,7/19/2021,yes,8/17/2021,20,41,5,NA,1.6847,NA,2,0.1,0.593,3,1.186,1
B18,B,18,3,CCPea,MastersChoice,2021,7/19/2021,yes,8/17/2021,20,53,5,NA,1.4427,NA,9,0.45,0.402333333,2.777777778,3.621,0.777777778
B19,B,19,3,CCPea,MastersChoice,2021,7/19/2021,no,8/17/2021,0,53,5,1.0281,1.6683,0.616256069,NA,NA,NA,NA,NA,NA
B20,B,20,3,CCPea,MastersChoice,2021,7/19/2021,no,8/17/2021,0,44,5,0.648,1.3729,0.47199359,NA,NA,NA,NA,NA,NA
B21,B,21,3,CCPea,MastersChoice,2021,7/19/2021,no,8/17/2021,0,52,5,0.7345,1.65,0.445151515,NA,NA,NA,NA,NA,NA
B22,B,22,3,CCPea,MastersChoice,2021,7/19/2021,no,8/17/2021,0,43,5,0.9672,1.7296,0.55920444,NA,NA,NA,NA,NA,NA
B23,B,23,3,CCPea,MastersChoice,2021,7/19/2021,yes,8/17/2021,19,44,5,NA,1.2205,NA,11,0.578947368,1.026636364,3,11.293,1
B24,B,24,3,CCPea,MastersChoice,2021,7/19/2021,yes,8/17/2021,20,47,5,NA,1.5551,NA,6,0.3,0.273333333,2.333333333,1.64,0.333333333
C17,C,17,3,CCRadish,MastersChoice,2021,7/19/2021,no,8/17/2021,0,48,5,0.5463,1.0902,0.501100715,NA,NA,NA,NA,NA,NA
C18,C,18,3,CCRadish,MastersChoice,2021,7/19/2021,yes,8/17/2021,20,37,5,NA,0.9878,NA,9,0.45,0.300555556,2.444444444,2.705,0.555555556
C19,C,19,3,CCRadish,MastersChoice,2021,7/19/2021,yes,8/17/2021,20,48,5,NA,1.1635,NA,8,0.4,0.345875,2.75,2.767,0.75
C20,C,20,3,CCRadish,MastersChoice,2021,7/19/2021,yes,8/17/2021,20,47,5,NA,0.8546,NA,6,0.3,0.269333333,2.5,1.616,0.5
C21,C,21,3,CCRadish,MastersChoice,2021,7/19/2021,no,8/17/2021,0,49,5,0.4259,1.045,0.407559809,NA,NA,NA,NA,NA,NA
C22,C,22,3,CCRadish,MastersChoice,2021,7/19/2021,yes,8/17/2021,20,49,5,NA,1.2828,NA,6,0.3,0.398,2.666666667,2.388,0.666666667
C23,C,23,3,CCRadish,MastersChoice,2021,7/19/2021,no,8/17/2021,0,52,5,1.0069,1.7407,0.578445453,NA,NA,NA,NA,NA,NA
C24,C,24,3,CCRadish,MastersChoice,2021,7/19/2021,no,8/17/2021,0,54,5,1.2918,1.6254,0.794758213,NA,NA,NA,NA,NA,NA
D17,D,17,3,CCTriticale,MastersChoice,2021,7/19/2021,no,8/17/2021,0,39,5,0.9317,1.7467,0.533405851,NA,NA,NA,NA,NA,NA
D18,D,18,3,CCTriticale,MastersChoice,2021,7/19/2021,no,8/17/2021,0,49,5,0.9378,1.2445,0.753555645,NA,NA,NA,NA,NA,NA
D19,D,19,3,CCTriticale,MastersChoice,2021,7/19/2021,yes,8/17/2021,20,49,5,NA,1.6379,NA,3,0.15,0.678666667,3,2.036,1
D20,D,20,3,CCTriticale,MastersChoice,2021,7/19/2021,yes,8/17/2021,20,33,5,NA,1.7842,NA,6,0.3,0.490666667,2.666666667,2.944,0.666666667
D21,D,21,3,CCTriticale,MastersChoice,2021,7/19/2021,yes,8/17/2021,19,48,5,NA,1.5875,NA,9,0.473684211,0.643555556,2.777777778,5.792,0.777777778
D22,D,22,3,CCTriticale,MastersChoice,2021,7/19/2021,yes,8/17/2021,20,47,5,NA,1.1548,NA,9,0.45,0.202444444,2.333333333,1.822,0.333333333
D23,D,23,3,CCTriticale,MastersChoice,2021,7/19/2021,no,8/17/2021,0,45,5,0.6479,1.5739,0.411652583,NA,NA,NA,NA,NA,NA
D24,D,24,3,CCTriticale,MastersChoice,2021,7/19/2021,no,8/17/2021,0,37,5,0.5246,1.2686,0.413526722,NA,NA,NA,NA,NA,NA
E17,E,17,3,CCMix,MastersChoice,2021,7/19/2021,yes,8/17/2021,20,52,5,NA,1.8782,NA,8,0.4,0.6015,3,4.812,1
E18,E,18,3,CCMix,MastersChoice,2021,7/19/2021,yes,8/17/2021,20,40,5,NA,1.0132,NA,1,0.05,0.485,3,0.485,1
E19,E,19,3,CCMix,MastersChoice,2021,7/19/2021,no,8/17/2021,0,34,5,0.984,1.459,0.674434544,NA,NA,NA,NA,NA,NA
E20,E,20,3,CCMix,MastersChoice,2021,7/19/2021,no,8/17/2021,0,51,5,1.0931,2.3759,0.460078286,NA,NA,NA,NA,NA,NA
E21,E,21,3,CCMix,MastersChoice,2021,7/19/2021,yes,8/17/2021,20,50,5,NA,1.2539,NA,8,0.4,0.441625,3,3.533,1
E22,E,22,3,CCMix,MastersChoice,2021,7/19/2021,yes,8/17/2021,20,47,5,NA,1.8639,NA,14,0.7,0.8425,2.928571429,11.795,0.928571429
E23,E,23,3,CCMix,MastersChoice,2021,7/19/2021,no,8/17/2021,0,37,5,0.4935,1.0779,0.457834679,NA,NA,NA,NA,NA,NA
E24,E,24,3,CCMix,MastersChoice,2021,7/19/2021,no,8/17/2021,0,52,5,1.1752,1.4682,0.800435908,NA,NA,NA,NA,NA,NA
F17,F,17,3,ConvFallow,MastersChoice,2021,7/19/2021,yes,8/17/2021,20,46,5,NA,0.9695,NA,13,0.65,0.706,2.923076923,9.178,0.923076923
F18,F,18,3,ConvFallow,MastersChoice,2021,7/19/2021,no,8/17/2021,0,49,5,0.8042,1.4311,0.561945357,NA,NA,NA,NA,NA,NA
F19,F,19,3,ConvFallow,MastersChoice,2021,7/19/2021,no,8/17/2021,0,40,5,1.2954,1.5248,0.84955404,NA,NA,NA,NA,NA,NA
F20,F,20,3,ConvFallow,MastersChoice,2021,7/19/2021,yes,8/17/2021,20,42,5,NA,1.1211,NA,1,0.05,0.169,2,0.169,0
F21,F,21,3,ConvFallow,MastersChoice,2021,7/19/2021,yes,8/17/2021,20,47,5,NA,1.3665,NA,8,0.4,0.556,3,4.448,1
F22,F,22,3,ConvFallow,MastersChoice,2021,7/19/2021,no,8/17/2021,0,48,5,1.1181,1.446,0.773236515,NA,NA,NA,NA,NA,NA
F23,F,23,3,ConvFallow,MastersChoice,2021,7/19/2021,yes,8/17/2021,20,37,5,NA,1.0584,NA,6,0.3,0.348,2.666666667,2.088,0.666666667
F24,F,24,3,ConvFallow,MastersChoice,2021,7/19/2021,no,8/17/2021,0,34,5,0.7157,1.1004,0.650399855,NA,NA,NA,NA,NA,NA
G17,G,17,3,CCFallow,BlueRiverOrganic,2021,7/19/2021,yes,8/17/2021,20,32,5,NA,1.0265,NA,12,0.6,0.213333333,2.666666667,2.56,0.666666667
G18,G,18,3,CCFallow,BlueRiverOrganic,2021,7/19/2021,yes,8/17/2021,18,25,5,NA,0.9738,NA,9,0.5,0.149444444,2.222222222,1.345,0.333333333
G19,G,19,3,CCFallow,BlueRiverOrganic,2021,7/19/2021,yes,8/17/2021,20,25,5,NA,0.9539,NA,10,0.5,0.2199,2.5,2.199,0.5
G20,G,20,3,CCFallow,BlueRiverOrganic,2021,7/19/2021,no,8/17/2021,0,38,5,0.5541,0.9425,0.587904509,NA,NA,NA,NA,NA,NA
G21,G,21,3,CCFallow,BlueRiverOrganic,2021,7/19/2021,yes,8/17/2021,20,23,5,NA,0.3996,NA,5,0.25,0.2054,2.6,1.027,0.6
G22,G,22,3,CCFallow,BlueRiverOrganic,2021,7/19/2021,no,8/17/2021,0,33,5,0.5773,0.8255,0.699333737,NA,NA,NA,NA,NA,NA
G23,G,23,3,CCFallow,BlueRiverOrganic,2021,7/19/2021,no,8/17/2021,0,26,5,0.3312,0.6916,0.478889532,NA,NA,NA,NA,NA,NA
G24,G,24,3,CCFallow,BlueRiverOrganic,2021,7/19/2021,no,8/17/2021,0,36,5,0.8965,1.521,0.589414859,NA,NA,NA,NA,NA,NA
H17,H,17,3,CCPea,BlueRiverOrganic,2021,7/19/2021,yes,8/17/2021,20,36,5,NA,1.3919,NA,8,0.4,0.3825,2.75,3.06,0.75
H18,H,18,3,CCPea,BlueRiverOrganic,2021,7/19/2021,yes,8/17/2021,20,27,5,NA,0.7967,NA,11,0.55,0.331909091,2.545454545,3.651,0.545454545
H19,H,19,3,CCPea,BlueRiverOrganic,2021,7/19/2021,yes,8/17/2021,19,47,5,NA,1.4258,NA,8,0.421052632,0.675,2.875,5.4,0.875
H20,H,20,3,CCPea,BlueRiverOrganic,2021,7/19/2021,no,8/17/2021,0,30,5,0.9435,1.0401,0.907124315,NA,NA,NA,NA,NA,NA
H21,H,21,3,CCPea,BlueRiverOrganic,2021,7/19/2021,yes,8/17/2021,18,43,5,NA,1.1744,NA,17,0.944444444,0.601823529,2.882352941,10.231,0.882352941
H22,H,22,3,CCPea,BlueRiverOrganic,2021,7/19/2021,no,8/17/2021,0,30,5,0.853,1.1189,0.762355885,NA,NA,NA,NA,NA,NA
H23,H,23,3,CCPea,BlueRiverOrganic,2021,7/19/2021,no,8/17/2021,0,33,5,1.1937,1.4003,0.852460187,NA,NA,NA,NA,NA,NA
H24,H,24,3,CCPea,BlueRiverOrganic,2021,7/19/2021,no,8/17/2021,0,37,5,0.7815,1.2998,0.601246346,NA,NA,NA,NA,NA,NA
I17,I,17,3,CCRadish,BlueRiverOrganic,2021,7/19/2021,no,8/17/2021,0,29,5,0.3285,0.7555,0.434811383,NA,NA,NA,NA,NA,NA
I18,I,18,3,CCRadish,BlueRiverOrganic,2021,7/19/2021,yes,8/17/2021,17,30,5,NA,1.0421,NA,7,0.411764706,0.577857143,3,4.045,1
I19,I,19,3,CCRadish,BlueRiverOrganic,2021,7/19/2021,no,8/17/2021,0,29,5,0.336,0.7394,0.454422505,NA,NA,NA,NA,NA,NA
I20,I,20,3,CCRadish,BlueRiverOrganic,2021,7/19/2021,yes,8/17/2021,20,30,5,NA,1.1024,NA,2,0.1,1.138,3,2.276,1
I21,I,21,3,CCRadish,BlueRiverOrganic,2021,7/19/2021,no,8/17/2021,0,30,5,0.4659,0.8369,0.556697335,NA,NA,NA,NA,NA,NA
I22,I,22,3,CCRadish,BlueRiverOrganic,2021,7/19/2021,yes,8/17/2021,18,31,5,NA,1.1647,NA,6,0.333333333,0.659166667,3,3.955,1
I23,I,23,3,CCRadish,BlueRiverOrganic,2021,7/19/2021,yes,8/17/2021,20,28,5,NA,1.0986,NA,4,0.2,0.93575,3,3.743,1
I24,I,24,3,CCRadish,BlueRiverOrganic,2021,7/19/2021,no,8/17/2021,0,33,5,0.5074,0.9025,0.562216066,NA,NA,NA,NA,NA,NA
J17,J,17,3,CCTriticale,BlueRiverOrganic,2021,7/19/2021,no,8/17/2021,0,33,5,0.5288,1.1088,0.476911977,NA,NA,NA,NA,NA,NA
J18,J,18,3,CCTriticale,BlueRiverOrganic,2021,7/19/2021,no,8/17/2021,0,28,5,0.5406,0.9346,0.578429275,NA,NA,NA,NA,NA,NA
J19,J,19,3,CCTriticale,BlueRiverOrganic,2021,7/19/2021,yes,8/17/2021,20,30,5,NA,1.4693,NA,11,0.55,0.293272727,2.454545455,3.226,0.454545455
J20,J,20,3,CCTriticale,BlueRiverOrganic,2021,7/19/2021,yes,8/17/2021,20,39,5,NA,1.394,NA,6,0.3,0.664666667,2.833333333,3.988,0.833333333
J21,J,21,3,CCTriticale,BlueRiverOrganic,2021,7/19/2021,no,8/17/2021,0,30,5,0.5545,1.2048,0.460242364,NA,NA,NA,NA,NA,NA
J22,J,22,3,CCTriticale,BlueRiverOrganic,2021,7/19/2021,yes,8/17/2021,20,36,5,NA,1.4925,NA,6,0.3,0.348,3,2.088,1
J23,J,23,3,CCTriticale,BlueRiverOrganic,2021,7/19/2021,yes,8/17/2021,20,32,5,NA,0.8337,NA,9,0.45,0.397111111,2.666666667,3.574,0.666666667
J24,J,24,3,CCTriticale,BlueRiverOrganic,2021,7/19/2021,no,8/17/2021,0,38,5,0.6208,1.1836,0.524501521,NA,NA,NA,NA,NA,NA
K17,K,17,3,CCMix,BlueRiverOrganic,2021,7/19/2021,yes,8/17/2021,19,28,5,NA,0.7515,NA,0,0,NA,NA,NA,NA
K18,K,18,3,CCMix,BlueRiverOrganic,2021,7/19/2021,no,8/17/2021,0,28,5,0.4474,0.7741,0.577961504,NA,NA,NA,NA,NA,NA
K19,K,19,3,CCMix,BlueRiverOrganic,2021,7/19/2021,yes,8/17/2021,20,27,5,NA,0.9585,NA,4,0.2,1.0575,3,4.23,1
K20,K,20,3,CCMix,BlueRiverOrganic,2021,7/19/2021,no,8/17/2021,0,37,5,1.0933,1.4643,0.746636618,NA,NA,NA,NA,NA,NA
K21,K,21,3,CCMix,BlueRiverOrganic,2021,7/19/2021,yes,8/17/2021,20,36,5,NA,1.0492,NA,9,0.45,0.851888889,2.777777778,7.667,0.777777778
K22,K,22,3,CCMix,BlueRiverOrganic,2021,7/19/2021,yes,8/17/2021,18,27,5,NA,1.28,NA,3,0.166666667,0.779333333,2.666666667,2.338,0.666666667
K23,K,23,3,CCMix,BlueRiverOrganic,2021,7/19/2021,no,8/17/2021,0,29,5,0.5379,1.0651,0.505023003,NA,NA,NA,NA,NA,NA
K24,K,24,3,CCMix,BlueRiverOrganic,2021,7/19/2021,no,8/17/2021,0,32,5,0.5358,0.9305,0.575819452,NA,NA,NA,NA,NA,NA
L17,L,17,3,ConvFallow,BlueRiverOrganic,2021,7/19/2021,yes,8/17/2021,20,43,5,NA,1.5245,NA,8,0.4,0.744625,2.875,5.957,0.875
L18,L,18,3,ConvFallow,BlueRiverOrganic,2021,7/19/2021,no,8/17/2021,0,32,5,0.7363,1.2656,0.581779393,NA,NA,NA,NA,NA,NA
L19,L,19,3,ConvFallow,BlueRiverOrganic,2021,7/19/2021,no,8/17/2021,0,29,5,0.4976,0.9575,0.519686684,NA,NA,NA,NA,NA,NA
L20,L,20,3,ConvFallow,BlueRiverOrganic,2021,7/19/2021,no,8/17/2021,0,32,5,0.5586,0.7595,0.735483871,NA,NA,NA,NA,NA,NA
L21,L,21,3,ConvFallow,BlueRiverOrganic,2021,7/19/2021,yes,8/17/2021,20,32,5,NA,1.292,NA,3,0.15,0.754333333,3,2.263,1
L22,L,22,3,ConvFallow,BlueRiverOrganic,2021,7/19/2021,yes,8/17/2021,20,30,5,NA,1.1134,NA,8,0.4,0.8195,2.875,6.556,0.875
L23,L,23,3,ConvFallow,BlueRiverOrganic,2021,7/19/2021,no,8/17/2021,0,30,5,0.6488,0.8752,0.741316271,NA,NA,NA,NA,NA,NA
L24,L,24,3,ConvFallow,BlueRiverOrganic,2021,7/19/2021,yes,8/17/2021,20,29,5,NA,1.1322,NA,3,0.15,1.018333333,3,3.055,1
A25,A,25,4,CCFallow,MastersChoice,2021,8/3/2021,yes,8/31/2021,20,35,4,NA,0.9253,NA,5,0.25,0.9524,2.8,4.762,0.8
A26,A,26,4,CCFallow,MastersChoice,2021,8/3/2021,no,8/31/2021,0,50,5,0.7263,1.0759,0.675062738,NA,NA,NA,NA,NA,NA
A27,A,27,4,CCFallow,MastersChoice,2021,8/3/2021,no,8/31/2021,0,50,4,0.5735,1.0773,0.532349392,NA,NA,NA,NA,NA,NA
A28,A,28,4,CCFallow,MastersChoice,2021,8/3/2021,yes,8/31/2021,18,49,4,NA,0.9969,NA,1,0.055555556,2.176,3,2.176,1
A29,A,29,4,CCFallow,MastersChoice,2021,8/3/2021,no,8/31/2021,0,58,5,1.4932,1.8884,0.790722305,NA,NA,NA,NA,NA,NA
A30,A,30,4,CCFallow,MastersChoice,2021,8/3/2021,no,8/31/2021,0,43,4,0.6747,1.0497,0.642755073,NA,NA,NA,NA,NA,NA
A31,A,31,4,CCFallow,MastersChoice,2021,8/3/2021,yes,8/31/2021,20,35,4,NA,1.18,NA,9,0.45,1.202111111,3,10.819,1
A32,A,32,4,CCFallow,MastersChoice,2021,8/3/2021,yes,8/31/2021,19,36,4,NA,1.1218,NA,13,0.684210526,0.807615385,2.846153846,10.499,0.846153846
B25,B,25,4,CCPea,MastersChoice,2021,8/3/2021,yes,8/31/2021,20,49,5,NA,1.0821,NA,4,0.2,1.17175,3,4.687,1
B26,B,26,4,CCPea,MastersChoice,2021,8/3/2021,no,8/31/2021,0,45,5,0.7208,1.2287,0.586636282,NA,NA,NA,NA,NA,NA
B27,B,27,4,CCPea,MastersChoice,2021,8/3/2021,no,8/31/2021,0,53,5,1.3465,2.2609,0.595559291,NA,NA,NA,NA,NA,NA
B28,B,28,4,CCPea,MastersChoice,2021,8/3/2021,yes,8/31/2021,19,31,4,NA,0.3707,NA,7,0.368421053,0.276142857,2.428571429,1.933,0.428571429
B29,B,29,4,CCPea,MastersChoice,2021,8/3/2021,yes,8/31/2021,20,47,5,NA,1.4682,NA,6,0.3,1.071,3,6.426,1
B30,B,30,4,CCPea,MastersChoice,2021,8/3/2021,no,8/31/2021,0,49,5,1.1275,1.3229,0.852294202,NA,NA,NA,NA,NA,NA
B31,B,31,4,CCPea,MastersChoice,2021,8/3/2021,no,8/31/2021,0,48,5,0.652,1.5995,0.407627384,NA,NA,NA,NA,NA,NA
B32,B,32,4,CCPea,MastersChoice,2021,8/3/2021,yes,8/31/2021,19,39,5,NA,0.982,NA,4,0.210526316,1.019,3,4.076,1
C25,C,25,4,CCRadish,MastersChoice,2021,8/3/2021,yes,8/31/2021,20,55,4,NA,1.5456,NA,4,0.2,0.2145,2.75,0.858,0.75
C26,C,26,4,CCRadish,MastersChoice,2021,8/3/2021,no,8/31/2021,0,50,4,0.6862,0.9984,0.687299679,NA,NA,NA,NA,NA,NA
C27,C,27,4,CCRadish,MastersChoice,2021,8/3/2021,no,8/31/2021,0,46,5,0.6936,0.8512,0.814849624,NA,NA,NA,NA,NA,NA
C28,C,28,4,CCRadish,MastersChoice,2021,8/3/2021,yes,8/31/2021,20,50,4,NA,0.9543,NA,10,0.5,0.8104,2.9,8.104,0.9
C29,C,29,4,CCRadish,MastersChoice,2021,8/3/2021,yes,8/31/2021,20,47,4,NA,1.2798,NA,6,0.3,1.011833333,3,6.071,1
C30,C,30,4,CCRadish,MastersChoice,2021,8/3/2021,no,8/31/2021,0,47,5,0.5604,0.9978,0.561635598,NA,NA,NA,NA,NA,NA
C31,C,31,4,CCRadish,MastersChoice,2021,8/3/2021,no,8/31/2021,0,49,5,0.6712,0.992,0.676612903,NA,NA,NA,NA,NA,NA
C32,C,32,4,CCRadish,MastersChoice,2021,8/3/2021,yes,8/31/2021,20,36,5,NA,0.9738,NA,8,0.4,0.789125,3,6.313,1
D25,D,25,4,CCTriticale,MastersChoice,2021,8/3/2021,yes,8/31/2021,20,57,4,NA,1.793,NA,8,0.4,1.31075,2.875,10.486,0.875
D26,D,26,4,CCTriticale,MastersChoice,2021,8/3/2021,no,8/31/2021,0,50,5,1.4153,1.2386,1.142661069,NA,NA,NA,NA,NA,NA
D27,D,27,4,CCTriticale,MastersChoice,2021,8/3/2021,no,8/31/2021,0,52,5,1.0994,1.3856,0.793446882,NA,NA,NA,NA,NA,NA
D28,D,28,4,CCTriticale,MastersChoice,2021,8/3/2021,yes,8/31/2021,19,47,4,NA,1.0296,NA,1,0.052631579,1.746,3,1.746,1
D29,D,29,4,CCTriticale,MastersChoice,2021,8/3/2021,yes,8/31/2021,18,34,4,NA,1.1441,NA,2,0.111111111,0.716,3,1.432,1
D30,D,30,4,CCTriticale,MastersChoice,2021,8/3/2021,no,8/31/2021,0,50,4,0.9901,1.4086,0.702896493,NA,NA,NA,NA,NA,NA
D31,D,31,4,CCTriticale,MastersChoice,2021,8/3/2021,no,8/31/2021,0,47,4,1.0211,1.8129,0.563241216,NA,NA,NA,NA,NA,NA
D32,D,32,4,CCTriticale,MastersChoice,2021,8/3/2021,yes,8/31/2021,19,45,4,NA,1.0994,NA,6,0.315789474,1.167333333,3,7.004,1
E25,E,25,4,CCMix,MastersChoice,2021,8/3/2021,yes,8/31/2021,18,55,4,NA,1.392,NA,16,0.888888889,1.1909375,3,19.055,1
E26,E,26,4,CCMix,MastersChoice,2021,8/3/2021,no,8/31/2021,0,53,5,0.7185,1.2569,0.571644522,NA,NA,NA,NA,NA,NA
E27,E,27,4,CCMix,MastersChoice,2021,8/3/2021,no,8/31/2021,0,46,4,0.59,0.9552,0.617671692,NA,NA,NA,NA,NA,NA
E28,E,28,4,CCMix,MastersChoice,2021,8/3/2021,yes,8/31/2021,20,39,4,NA,0.9225,NA,5,0.25,1.98,3,9.9,1
E29,E,29,4,CCMix,MastersChoice,2021,8/3/2021,yes,8/31/2021,20,47,4,NA,1.2808,NA,8,0.4,1.29,3,10.32,1
E30,E,30,4,CCMix,MastersChoice,2021,8/3/2021,no,8/31/2021,0,46,4,0.9032,1.1927,0.757273413,NA,NA,NA,NA,NA,NA
E31,E,31,4,CCMix,MastersChoice,2021,8/3/2021,no,8/31/2021,0,51,5,1.1208,1.339,0.837042569,NA,NA,NA,NA,NA,NA
E32,E,32,4,CCMix,MastersChoice,2021,8/3/2021,yes,8/31/2021,20,43,4,NA,1.1404,NA,6,0.3,1.094833333,2.833333333,6.569,0.833333333
F25,F,25,4,ConvFallow,MastersChoice,2021,8/3/2021,yes,8/31/2021,19,46,5,NA,0.9915,NA,13,0.684210526,1.275076923,3,16.576,1
F26,F,26,4,ConvFallow,MastersChoice,2021,8/3/2021,no,8/31/2021,0,50,5,0.889,2.759,0.322218195,NA,NA,NA,NA,NA,NA
F27,F,27,4,ConvFallow,MastersChoice,2021,8/3/2021,no,8/31/2021,0,51,5,0.6739,1.2665,0.532096328,NA,NA,NA,NA,NA,NA
F28,F,28,4,ConvFallow,MastersChoice,2021,8/3/2021,no,8/31/2021,0,44,5,0.6557,0.8609,0.76164479,NA,NA,NA,NA,NA,NA
F29,F,29,4,ConvFallow,MastersChoice,2021,8/3/2021,yes,8/31/2021,19,52,5,NA,2.4806,NA,8,0.421052632,0.974625,3,7.797,1
F30,F,30,4,ConvFallow,MastersChoice,2021,8/3/2021,no,8/31/2021,0,44,5,0.7534,1.1141,0.676240912,NA,NA,NA,NA,NA,NA
F31,F,31,4,ConvFallow,MastersChoice,2021,8/3/2021,yes,8/31/2021,20,41,4,NA,0.72,NA,9,0.45,1.037222222,2.888888889,9.335,0.888888889
F32,F,32,4,ConvFallow,MastersChoice,2021,8/3/2021,yes,8/31/2021,18,44,4,NA,0.8439,NA,6,0.333333333,1.361666667,3,8.17,1
G25,G,25,4,CCFallow,BlueRiverOrganic,2021,8/3/2021,no,8/31/2021,0,46,5,0.7474,1.2948,0.577232005,NA,NA,NA,NA,NA,NA
G26,G,26,4,CCFallow,BlueRiverOrganic,2021,8/3/2021,yes,8/31/2021,20,35,4,NA,0.9495,NA,3,0.15,0.267666667,2.666666667,0.803,0.666666667
G27,G,27,4,CCFallow,BlueRiverOrganic,2021,8/3/2021,yes,8/31/2021,20,48,5,NA,1.184,NA,5,0.25,1.0212,3,5.106,1
G28,G,28,4,CCFallow,BlueRiverOrganic,2021,8/3/2021,no,8/31/2021,0,41,5,0.4863,0.9551,0.509161344,NA,NA,NA,NA,NA,NA
G29,G,29,4,CCFallow,BlueRiverOrganic,2021,8/3/2021,no,8/31/2021,0,49,5,0.6725,1.1112,0.605201584,NA,NA,NA,NA,NA,NA
G30,G,30,4,CCFallow,BlueRiverOrganic,2021,8/3/2021,yes,8/31/2021,20,40,4,NA,1.3013,NA,5,0.25,0.4432,2.8,2.216,0.8
G31,G,31,4,CCFallow,BlueRiverOrganic,2021,8/3/2021,yes,8/31/2021,20,39,5,NA,1.0943,NA,10,0.5,0.8765,2.8,8.765,0.8
G32,G,32,4,CCFallow,BlueRiverOrganic,2021,8/3/2021,no,8/31/2021,0,31,5,0.3372,1.1201,0.30104455,NA,NA,NA,NA,NA,NA
H25,H,25,4,CCPea,BlueRiverOrganic,2021,8/3/2021,no,8/31/2021,0,42,5,0.7768,1.394,0.557245337,NA,NA,NA,NA,NA,NA
H26,H,26,4,CCPea,BlueRiverOrganic,2021,8/3/2021,no,8/31/2021,0,43,5,0.9445,1.3433,0.703119184,NA,NA,NA,NA,NA,NA
H27,H,27,4,CCPea,BlueRiverOrganic,2021,8/3/2021,no,8/31/2021,0,36,5,0.6112,1.3705,0.445968625,NA,NA,NA,NA,NA,NA
H28,H,28,4,CCPea,BlueRiverOrganic,2021,8/3/2021,yes,8/31/2021,20,30,5,NA,1.2401,NA,5,0.25,1.0086,2.8,5.043,0.8
H29,H,29,4,CCPea,BlueRiverOrganic,2021,8/3/2021,yes,8/31/2021,20,30,5,NA,1.0019,NA,2,0.1,0.376,3,0.752,1
H30,H,30,4,CCPea,BlueRiverOrganic,2021,8/3/2021,yes,8/31/2021,20,42,5,NA,1.619,NA,2,0.1,0.8635,3,1.727,1
H31,H,31,4,CCPea,BlueRiverOrganic,2021,8/3/2021,no,8/31/2021,0,44,5,0.9684,1.2482,0.775837206,NA,NA,NA,NA,NA,NA
H32,H,32,4,CCPea,BlueRiverOrganic,2021,8/3/2021,yes,8/31/2021,20,51,5,NA,1.9699,NA,10,0.5,1.5044,3,15.044,1
I25,I,25,4,CCRadish,BlueRiverOrganic,2021,8/3/2021,yes,8/31/2021,18,32,5,NA,0.804,NA,2,0.1,0.7765,3,1.553,1
I26,I,26,4,CCRadish,BlueRiverOrganic,2021,8/3/2021,no,8/31/2021,0,44,5,0.7087,1.1846,0.598261016,NA,NA,NA,NA,NA,NA
I27,I,27,4,CCRadish,BlueRiverOrganic,2021,8/3/2021,no,8/31/2021,0,45,5,0.5686,0.9079,0.626280427,NA,NA,NA,NA,NA,NA
I28,I,28,4,CCRadish,BlueRiverOrganic,2021,8/3/2021,yes,8/31/2021,20,28,5,NA,0.8122,NA,9,0.45,0.493,3,4.437,1
I29,I,29,4,CCRadish,BlueRiverOrganic,2021,8/3/2021,yes,8/31/2021,20,34,4,NA,1.1416,NA,8,0.4,0.594125,2.875,4.753,0.875
I30,I,30,4,CCRadish,BlueRiverOrganic,2021,8/3/2021,no,8/31/2021,0,45,5,0.8148,1.1026,0.738980591,NA,NA,NA,NA,NA,NA
I31,I,31,4,CCRadish,BlueRiverOrganic,2021,8/3/2021,no,8/31/2021,0,37,5,0.556,0.739,0.752368065,NA,NA,NA,NA,NA,NA
I32,I,32,4,CCRadish,BlueRiverOrganic,2021,8/3/2021,yes,8/31/2021,19,33,5,NA,0.9333,NA,3,0.15,1.144333333,3,3.433,1
J25,J,25,4,CCTriticale,BlueRiverOrganic,2021,8/3/2021,yes,8/31/2021,20,38,5,NA,1.4578,NA,1,0.05,2.053,3,2.053,1
J26,J,26,4,CCTriticale,BlueRiverOrganic,2021,8/3/2021,no,8/31/2021,0,35,5,0.5144,1.1744,0.438010899,NA,NA,NA,NA,NA,NA
J27,J,27,4,CCTriticale,BlueRiverOrganic,2021,8/3/2021,yes,8/31/2021,20,52,5,NA,1.1998,NA,10,0.5,0.7453,2.666666667,7.453,0.666666667
J28,J,28,4,CCTriticale,BlueRiverOrganic,2021,8/3/2021,yes,8/31/2021,18,35,5,NA,1.1827,NA,5,0.25,1.41,3,7.05,1
J29,J,29,4,CCTriticale,BlueRiverOrganic,2021,8/3/2021,yes,8/31/2021,20,40,5,NA,1.3544,NA,11,0.55,1.886090909,3,20.747,1
J30,J,30,4,CCTriticale,BlueRiverOrganic,2021,8/3/2021,no,8/31/2021,0,34,4,0.4696,1.0288,0.456454121,NA,NA,NA,NA,NA,NA
J31,J,31,4,CCTriticale,BlueRiverOrganic,2021,8/3/2021,no,8/31/2021,0,43,5,1.02,1.4342,0.71119788,NA,NA,NA,NA,NA,NA
J32,J,32,4,CCTriticale,BlueRiverOrganic,2021,8/3/2021,no,8/31/2021,0,50,5,0.8983,1.3204,0.680324144,NA,NA,NA,NA,NA,NA
K25,K,25,4,CCMix,BlueRiverOrganic,2021,8/3/2021,yes,8/31/2021,20,32,5,NA,1.9984,NA,9,0.45,1.109222222,3,9.983,1
K26,K,26,4,CCMix,BlueRiverOrganic,2021,8/3/2021,no,8/31/2021,0,43,5,0.5182,1.0554,0.490998673,NA,NA,NA,NA,NA,NA
K27,K,27,4,CCMix,BlueRiverOrganic,2021,8/3/2021,no,8/31/2021,0,50,5,1.0202,1.5477,0.659171674,NA,NA,NA,NA,NA,NA
K28,K,28,4,CCMix,BlueRiverOrganic,2021,8/3/2021,yes,8/31/2021,20,30,4,NA,0.9708,NA,16,0.8,0.63925,2.8125,10.228,0.8125
K29,K,29,4,CCMix,BlueRiverOrganic,2021,8/3/2021,yes,8/31/2021,20,24,5,NA,1.8054,NA,17,0.85,0.635235294,2.9375,10.799,0.9375
K30,K,30,4,CCMix,BlueRiverOrganic,2021,8/3/2021,no,8/31/2021,0,31,4,0.4892,0.929,0.526587729,NA,NA,NA,NA,NA,NA
K31,K,31,4,CCMix,BlueRiverOrganic,2021,8/3/2021,no,8/31/2021,0,29,5,0.9287,0.8519,1.090151426,NA,NA,NA,NA,NA,NA
K32,K,32,4,CCMix,BlueRiverOrganic,2021,8/3/2021,yes,8/31/2021,20,31,5,NA,0.8679,NA,7,0.368421053,0.968857143,3,6.782,1
L25,L,25,4,ConvFallow,BlueRiverOrganic,2021,8/3/2021,yes,8/31/2021,18,31,5,NA,0.9994,NA,7,0.388888889,1.139857143,3,7.979,1
L26,L,26,4,ConvFallow,BlueRiverOrganic,2021,8/3/2021,no,8/31/2021,0,40,5,0.5473,0.9132,0.599321069,NA,NA,NA,NA,NA,NA
L27,L,27,4,ConvFallow,BlueRiverOrganic,2021,8/3/2021,no,8/31/2021,0,39,5,0.7241,1.2185,0.594255232,NA,NA,NA,NA,NA,NA
L28,L,28,4,ConvFallow,BlueRiverOrganic,2021,8/3/2021,yes,8/31/2021,20,31,5,NA,1.1754,NA,4,0.222222222,0.977,3,3.908,1
L29,L,29,4,ConvFallow,BlueRiverOrganic,2021,8/3/2021,yes,8/31/2021,18,33,4,NA,0.9952,NA,4,0.222222222,1.16325,3,4.653,1
L30,L,30,4,ConvFallow,BlueRiverOrganic,2021,8/3/2021,no,8/31/2021,0,38,5,0.7525,0.8899,0.845600629,NA,NA,NA,NA,NA,NA
L31,L,31,4,ConvFallow,BlueRiverOrganic,2021,8/3/2021,no,8/31/2021,0,27,5,1.3338,1.0282,1.29721844,NA,NA,NA,NA,NA,NA
L32,L,32,4,ConvFallow,BlueRiverOrganic,2021,8/3/2021,yes,8/31/2021,20,34,5,NA,0.7296,NA,6,0.333333333,0.900166667,3,5.401,1
A33,A,33,5,CCFallow,MastersChoice,2021,8/16/2021,no,9/14/2021,0,35,4,0.5868,0.7371,0.796092796,NA,NA,NA,NA,NA,NA
A34,A,34,5,CCFallow,MastersChoice,2021,8/16/2021,no,9/14/2021,0,46,4,0.6836,1.132,0.603886926,NA,NA,NA,NA,NA,NA
A35,A,35,5,CCFallow,MastersChoice,2021,8/16/2021,no,9/14/2021,0,52,4,0.7942,1.3527,0.587122052,NA,NA,NA,NA,NA,NA
A36,A,36,5,CCFallow,MastersChoice,2021,8/16/2021,no,9/14/2021,0,44,5,0.9212,1.4829,0.621215186,NA,NA,NA,NA,NA,NA
A37,A,37,5,CCFallow,MastersChoice,2021,8/16/2021,yes,9/14/2021,20,46,4,NA,1.0825,NA,4,0.2,0.1805,2.75,0.722,0.75
A38,A,38,5,CCFallow,MastersChoice,2021,8/16/2021,yes,9/14/2021,19,33,4,NA,0.7673,NA,7,0.368421053,0.12775,2.2,0.511,0.285714286
A39,A,39,5,CCFallow,MastersChoice,2021,8/16/2021,yes,9/14/2021,19,30,4,NA,0.5201,NA,6,0.315789474,0.591166667,2.666666667,3.547,0.666666667
A40,A,40,5,CCFallow,MastersChoice,2021,8/16/2021,yes,9/14/2021,20,42,4,NA,0.807,NA,16,0.8,0.8966875,2.875,14.347,0.875
B33,B,33,5,CCPea,MastersChoice,2021,8/16/2021,no,9/14/2021,0,34,5,0.4914,0.8276,0.593765104,NA,NA,NA,NA,NA,NA
B34,B,34,5,CCPea,MastersChoice,2021,8/16/2021,no,9/14/2021,0,45,5,0.5175,0.909,0.569306931,NA,NA,NA,NA,NA,NA
B35,B,35,5,CCPea,MastersChoice,2021,8/16/2021,yes,9/14/2021,19,39,4,NA,0.9186,NA,13,0.684210526,1.099615385,2.769230769,14.295,0.769230769
B36,B,36,5,CCPea,MastersChoice,2021,8/16/2021,no,9/14/2021,0,35,4,0.9504,0.8275,1.148519637,NA,NA,NA,NA,NA,NA
B37,B,37,5,CCPea,MastersChoice,2021,8/16/2021,yes,9/14/2021,17,46,4,NA,0.8956,NA,8,0.470588235,0.929875,3,7.439,1
B38,B,38,5,CCPea,MastersChoice,2021,8/16/2021,yes,9/14/2021,20,44,4,NA,1.1015,NA,5,0.25,0.7254,2.833333333,3.627,1
B39,B,39,5,CCPea,MastersChoice,2021,8/16/2021,yes,9/14/2021,19,42,4,NA,0.8897,NA,13,0.684210526,1.285461538,2.846153846,16.711,0.846153846
B40,B,40,5,CCPea,MastersChoice,2021,8/16/2021,no,9/14/2021,0,41,4,0.7455,0.9442,0.789557297,NA,NA,NA,NA,NA,NA
C33,C,33,5,CCRadish,MastersChoice,2021,8/16/2021,no,9/14/2021,0,45,4,0.8758,0.9228,0.949068054,NA,NA,NA,NA,NA,NA
C34,C,34,5,CCRadish,MastersChoice,2021,8/16/2021,yes,9/14/2021,18,36,4,NA,0.721,NA,11,0.611111111,0.588181818,2.636363636,6.47,0.727272727
C35,C,35,5,CCRadish,MastersChoice,2021,8/16/2021,no,9/14/2021,0,45,4,0.8595,1.1987,0.717026779,NA,NA,NA,NA,NA,NA
C36,C,36,5,CCRadish,MastersChoice,2021,8/16/2021,no,9/14/2021,0,39,4,0.3244,0.5184,0.625771605,NA,NA,NA,NA,NA,NA
C37,C,37,5,CCRadish,MastersChoice,2021,8/16/2021,yes,9/14/2021,20,45,5,NA,0.8412,NA,8,0.4,0.348125,2.875,2.785,0.875
C38,C,38,5,CCRadish,MastersChoice,2021,8/16/2021,yes,9/14/2021,18,45,4,NA,0.764,NA,11,0.611111111,0.525272727,2.909090909,5.778,0.909090909
C39,C,39,5,CCRadish,MastersChoice,2021,8/16/2021,yes,9/14/2021,18,37,4,NA,0.6527,NA,8,0.444444444,0.172,2.5,1.376,0.5
C40,C,40,5,CCRadish,MastersChoice,2021,8/16/2021,no,9/14/2021,0,38,4,0.7226,0.7496,0.96398079,NA,NA,NA,NA,NA,NA
D33,D,33,5,CCTriticale,MastersChoice,2021,8/16/2021,no,9/14/2021,0,39,4,0.7079,1.1445,0.618523373,NA,NA,NA,NA,NA,NA
D34,D,34,5,CCTriticale,MastersChoice,2021,8/16/2021,no,9/14/2021,0,38,4,0.8357,0.9723,0.859508382,NA,NA,NA,NA,NA,NA
D35,D,35,5,CCTriticale,MastersChoice,2021,8/16/2021,yes,9/14/2021,19,41,4,NA,1.3752,NA,6,0.315789474,0.823,2.833333333,4.938,0.833333333
D36,D,36,5,CCTriticale,MastersChoice,2021,8/16/2021,yes,9/14/2021,19,38,4,NA,0.7349,NA,14,0.736842105,0.786,2.857142857,11.004,0.857142857
D37,D,37,5,CCTriticale,MastersChoice,2021,8/16/2021,no,9/14/2021,0,40,4,0.741,0.8447,0.877234521,NA,NA,NA,NA,NA,NA
D38,D,38,5,CCTriticale,MastersChoice,2021,8/16/2021,yes,9/14/2021,19,51,4,NA,1.0305,NA,9,0.473684211,0.454222222,2.777777778,4.088,0.777777778
D39,D,39,5,CCTriticale,MastersChoice,2021,8/16/2021,no,9/14/2021,0,36,4,0.7128,0.9605,0.742113483,NA,NA,NA,NA,NA,NA
D40,D,40,5,CCTriticale,MastersChoice,2021,8/16/2021,yes,9/14/2021,19,35,4,NA,0.695,NA,9,0.473684211,0.345666667,2.666666667,3.111,0.666666667
E33,E,33,5,CCMix,MastersChoice,2021,8/16/2021,no,9/14/2021,0,46,4,0.7158,1.0735,0.666790871,NA,NA,NA,NA,NA,NA
E34,E,34,5,CCMix,MastersChoice,2021,8/16/2021,no,9/14/2021,0,36,4,0.8581,1.2448,0.689347686,NA,NA,NA,NA,NA,NA
E35,E,35,5,CCMix,MastersChoice,2021,8/16/2021,no,9/14/2021,0,50,4,0.8484,1.2103,0.700983227,NA,NA,NA,NA,NA,NA
E36,E,36,5,CCMix,MastersChoice,2021,8/16/2021,no,9/14/2021,0,44,4,0.4762,0.6718,0.708841917,NA,NA,NA,NA,NA,NA
E37,E,37,5,CCMix,MastersChoice,2021,8/16/2021,yes,9/14/2021,20,36,4,NA,1.168,NA,12,0.6,0.506,2.916666667,6.072,0.916666667
E38,E,38,5,CCMix,MastersChoice,2021,8/16/2021,yes,9/14/2021,19,32,4,NA,0.6618,NA,11,0.578947368,1.128454545,3,12.413,1
E39,E,39,5,CCMix,MastersChoice,2021,8/16/2021,yes,9/14/2021,20,41,4,NA,0.7122,NA,11,0.55,0.657090909,2.545454545,7.228,0.545454545
E40,E,40,5,CCMix,MastersChoice,2021,8/16/2021,yes,9/14/2021,20,39,4,NA,0.737,NA,10,0.5,0.1578,2.2,1.578,0.4
F33,F,33,5,ConvFallow,MastersChoice,2021,8/16/2021,no,9/14/2021,0,39,4,0.8065,1.0152,0.794424744,NA,NA,NA,NA,NA,NA
F34,F,34,5,ConvFallow,MastersChoice,2021,8/16/2021,no,9/14/2021,0,41,4,0.6187,0.6766,0.914425067,NA,NA,NA,NA,NA,NA
F35,F,35,5,ConvFallow,MastersChoice,2021,8/16/2021,no,9/14/2021,0,32,4,0.3847,0.5832,0.659636488,NA,NA,NA,NA,NA,NA
F36,F,36,5,ConvFallow,MastersChoice,2021,8/16/2021,no,9/14/2021,0,51,4,0.8247,0.8678,0.950334178,NA,NA,NA,NA,NA,NA
F37,F,37,5,ConvFallow,MastersChoice,2021,8/16/2021,yes,9/14/2021,19,45,4,NA,0.8068,NA,15,0.789473684,0.600066667,2.733333333,9.001,0.733333333
F38,F,38,5,ConvFallow,MastersChoice,2021,8/16/2021,yes,9/14/2021,19,51,4,NA,0.7789,NA,6,0.315789474,0.750166667,2.833333333,4.501,0.833333333
F39,F,39,5,ConvFallow,MastersChoice,2021,8/16/2021,yes,9/14/2021,19,43,4,NA,0.7843,NA,3,0.157894737,0.720333333,3,2.161,1
F40,F,40,5,ConvFallow,MastersChoice,2021,8/16/2021,yes,9/14/2021,17,37,4,NA,0.4886,NA,3,0.176470588,0.507,3,1.521,1
G33,G,33,5,CCFallow,BlueRiverOrganic,2021,8/16/2021,yes,9/14/2021,18,42,4,NA,0.846,NA,11,0.611111111,0.546363636,2.636363636,6.01,0.636363636
G34,G,34,5,CCFallow,BlueRiverOrganic,2021,8/16/2021,yes,9/14/2021,20,40,4,NA,1.1676,NA,8,0.4,0.591,2.75,4.728,0.75
G35,G,35,5,CCFallow,BlueRiverOrganic,2021,8/16/2021,yes,9/14/2021,20,28,4,NA,1.053,NA,6,0.3,0.670333333,2.833333333,4.022,0.833333333
G36,G,36,5,CCFallow,BlueRiverOrganic,2021,8/16/2021,yes,9/14/2021,20,42,4,NA,1.1176,NA,7,0.35,0.824571429,3,5.772,1
G37,G,37,5,CCFallow,BlueRiverOrganic,2021,8/16/2021,no,9/14/2021,0,34,5,1.1903,0.8857,1.343908773,NA,NA,NA,NA,NA,NA
G38,G,38,5,CCFallow,BlueRiverOrganic,2021,8/16/2021,no,9/14/2021,0,30,4,0.8137,1.067,0.762605436,NA,NA,NA,NA,NA,NA
G39,G,39,5,CCFallow,BlueRiverOrganic,2021,8/16/2021,no,9/14/2021,0,27,4,1.1497,0.8887,1.293687409,NA,NA,NA,NA,NA,NA
G40,G,40,5,CCFallow,BlueRiverOrganic,2021,8/16/2021,no,9/14/2021,0,32,4,0.8364,0.8989,0.930470575,NA,NA,NA,NA,NA,NA
H33,H,33,5,CCPea,BlueRiverOrganic,2021,8/16/2021,yes,9/14/2021,20,39,4,NA,0.857,NA,12,0.6,0.357545455,2.4,3.933,0.333333333
H34,H,34,5,CCPea,BlueRiverOrganic,2021,8/16/2021,yes,9/14/2021,20,25,4,NA,0.8948,NA,14,0.7,0.236785714,2.857142857,3.315,0.857142857
H35,H,35,5,CCPea,BlueRiverOrganic,2021,8/16/2021,yes,9/14/2021,19,31,4,NA,0.914,NA,8,0.421052632,0.058428571,2,0.409,0
H36,H,36,5,CCPea,BlueRiverOrganic,2021,8/16/2021,yes,9/14/2021,20,37,4,NA,0.8507,NA,2,0.1,0.463,2.5,0.926,0.5
H37,H,37,5,CCPea,BlueRiverOrganic,2021,8/16/2021,no,9/14/2021,0,43,4,0.5761,1.0702,0.538310596,NA,NA,NA,NA,NA,NA
H38,H,38,5,CCPea,BlueRiverOrganic,2021,8/16/2021,no,9/14/2021,0,46,4,1.3792,1.3097,1.053065588,NA,NA,NA,NA,NA,NA
H39,H,39,5,CCPea,BlueRiverOrganic,2021,8/16/2021,no,9/14/2021,0,29,4,0.8635,0.8593,1.004887699,NA,NA,NA,NA,NA,NA
H40,H,40,5,CCPea,BlueRiverOrganic,2021,8/16/2021,no,9/14/2021,0,37,4,0.8432,1.059,0.796222852,NA,NA,NA,NA,NA,NA
I33,I,33,5,CCRadish,BlueRiverOrganic,2021,8/16/2021,yes,9/14/2021,20,27,4,NA,0.8981,NA,6,0.3,0.7428,2.8,3.714,0.666666667
I34,I,34,5,CCRadish,BlueRiverOrganic,2021,8/16/2021,no,9/14/2021,0,31,4,0.5344,0.6941,0.769917879,NA,NA,NA,NA,NA,NA
I35,I,35,5,CCRadish,BlueRiverOrganic,2021,8/16/2021,yes,9/14/2021,18,33,4,NA,0.7754,NA,8,0.444444444,0.383125,2.5,3.065,0.5
I36,I,36,5,CCRadish,BlueRiverOrganic,2021,8/16/2021,yes,9/14/2021,18,31,4,NA,0.8716,NA,9,0.5,0.259555556,2.25,2.336,0.222222222
I37,I,37,5,CCRadish,BlueRiverOrganic,2021,8/16/2021,no,9/14/2021,0,37,4,0.521,0.7855,0.663271801,NA,NA,NA,NA,NA,NA
I38,I,38,5,CCRadish,BlueRiverOrganic,2021,8/16/2021,no,9/14/2021,0,30,4,0.4923,0.7075,0.695830389,NA,NA,NA,NA,NA,NA
I39,I,39,5,CCRadish,BlueRiverOrganic,2021,8/16/2021,no,9/14/2021,0,35,4,0.7048,0.8075,0.872817337,NA,NA,NA,NA,NA,NA
I40,I,40,5,CCRadish,BlueRiverOrganic,2021,8/16/2021,yes,9/14/2021,19,35,4,NA,0.8878,NA,8,0.421052632,0.64575,2.75,5.166,0.75
J33,J,33,5,CCTriticale,BlueRiverOrganic,2021,8/16/2021,yes,9/14/2021,19,38,4,NA,0.8058,NA,9,0.473684211,0.173111111,2.444444444,1.558,0.444444444
J34,J,34,5,CCTriticale,BlueRiverOrganic,2021,8/16/2021,yes,9/14/2021,20,36,4,NA,0.7328,NA,5,0.25,0.2486,2.2,1.243,0.2
J35,J,35,5,CCTriticale,BlueRiverOrganic,2021,8/16/2021,no,9/14/2021,0,32,4,0.8706,1.019,0.854367026,NA,NA,NA,NA,NA,NA
J36,J,36,5,CCTriticale,BlueRiverOrganic,2021,8/16/2021,no,9/14/2021,0,39,4,0.7289,0.9569,0.761730588,NA,NA,NA,NA,NA,NA
J37,J,37,5,CCTriticale,BlueRiverOrganic,2021,8/16/2021,no,9/14/2021,0,44,4,1.3371,1.1869,1.126548151,NA,NA,NA,NA,NA,NA
J38,J,38,5,CCTriticale,BlueRiverOrganic,2021,8/16/2021,yes,9/14/2021,20,36,4,NA,1.0322,NA,10,0.5,0.344333333,2.7,3.099,0.7
J39,J,39,5,CCTriticale,BlueRiverOrganic,2021,8/16/2021,yes,9/14/2021,18,30,4,NA,0.7719,NA,3,0.166666667,0.512333333,3,1.537,1
J40,J,40,5,CCTriticale,BlueRiverOrganic,2021,8/16/2021,no,9/14/2021,0,30,4,1.1281,1.0141,1.112414949,NA,NA,NA,NA,NA,NA
K33,K,33,5,CCMix,BlueRiverOrganic,2021,8/16/2021,yes,9/14/2021,19,37,4,NA,1.0609,NA,13,0.684210526,0.170538462,2.307692308,2.217,0.307692308
K34,K,34,5,CCMix,BlueRiverOrganic,2021,8/16/2021,yes,9/14/2021,20,33,4,NA,1.0522,NA,14,0.7,0.441642857,2.571428571,6.183,0.571428571
K35,K,35,5,CCMix,BlueRiverOrganic,2021,8/16/2021,yes,9/14/2021,20,34,4,NA,0.9089,NA,8,0.4,0.673,2.75,5.384,0.75
K36,K,36,5,CCMix,BlueRiverOrganic,2021,8/16/2021,no,9/14/2021,0,28,4,0.6201,0.4763,1.301910561,NA,NA,NA,NA,NA,NA
K37,K,37,5,CCMix,BlueRiverOrganic,2021,8/16/2021,no,9/14/2021,0,46,4,1.2047,1.153,1.044839549,NA,NA,NA,NA,NA,NA
K38,K,38,5,CCMix,BlueRiverOrganic,2021,8/16/2021,no,9/14/2021,0,47,4,0.6941,0.7983,0.869472629,NA,NA,NA,NA,NA,NA
K39,K,39,5,CCMix,BlueRiverOrganic,2021,8/16/2021,yes,9/14/2021,19,35,4,NA,1.0704,NA,2,0.105263158,0.1855,2.5,0.371,0.5
K40,K,40,5,CCMix,BlueRiverOrganic,2021,8/16/2021,no,9/14/2021,0,31,4,0.9699,1.1632,0.833820495,NA,NA,NA,NA,NA,NA
L33,L,33,5,ConvFallow,BlueRiverOrganic,2021,8/16/2021,yes,9/14/2021,20,35,4,NA,0.674,NA,4,0.2,0.18075,2,0.723,0
L34,L,34,5,ConvFallow,BlueRiverOrganic,2021,8/16/2021,yes,9/14/2021,18,40,4,NA,0.8623,NA,12,0.666666667,0.399111111,2.545454545,3.592,0.583333333
L35,L,35,5,ConvFallow,BlueRiverOrganic,2021,8/16/2021,yes,9/14/2021,19,40,4,NA,0.6126,NA,9,0.473684211,0.568888889,2.555555556,5.12,0.555555556
L36,L,36,5,ConvFallow,BlueRiverOrganic,2021,8/16/2021,yes,9/14/2021,17,40,4,NA,0.7118,NA,4,0.235294118,0.197,2.5,0.788,0.5
L37,L,37,5,ConvFallow,BlueRiverOrganic,2021,8/16/2021,no,9/14/2021,0,41,4,0.8753,0.8383,1.044136944,NA,NA,NA,NA,NA,NA
L38,L,38,5,ConvFallow,BlueRiverOrganic,2021,8/16/2021,no,9/14/2021,0,39,4,0.6238,0.6329,0.985621741,NA,NA,NA,NA,NA,NA
L39,L,39,5,ConvFallow,BlueRiverOrganic,2021,8/16/2021,no,9/14/2021,0,30,4,0.8014,1.0125,0.791506173,NA,NA,NA,NA,NA,NA
L40,L,40,5,ConvFallow,BlueRiverOrganic,2021,8/16/2021,no,9/14/2021,0,28,4,1.4763,0.8011,1.842841093,NA,NA,NA,NA,NA,NA
A41,A,41,6,CCFallow,MastersChoice,2021,8/30/2021,no,10/4/2021,0,NA,NA,0.4925,0.939,0.524494143,NA,NA,NA,NA,NA,NA
A42,A,42,6,CCFallow,MastersChoice,2021,8/30/2021,no,10/4/2021,0,NA,NA,0.4222,0.821,0.514250914,NA,NA,NA,NA,NA,NA
A43,A,43,6,CCFallow,MastersChoice,2021,8/30/2021,yes,10/4/2021,20,NA,NA,NA,0.8206,NA,13,0.65,0.189230769,2.384615385,2.46,0.384615385
A44,A,44,6,CCFallow,MastersChoice,2021,8/30/2021,yes,10/4/2021,18,NA,NA,NA,0.9516,NA,3,0.166666667,0.918,3,2.754,1
A45,A,45,6,CCFallow,MastersChoice,2021,8/30/2021,no,10/4/2021,0,NA,NA,0.4242,0.7833,0.54155496,NA,NA,NA,NA,NA,NA
A46,A,46,6,CCFallow,MastersChoice,2021,8/30/2021,no,10/4/2021,0,NA,NA,NA,NA,NA,NA,NA,NA,NA,NA,NA
A47,A,47,6,CCFallow,MastersChoice,2021,8/30/2021,yes,10/4/2021,19,NA,NA,NA,0.9728,NA,5,0.263157895,0.5722,3,2.861,1
A48,A,48,6,CCFallow,MastersChoice,2021,8/30/2021,yes,10/4/2021,17,NA,NA,NA,1.1611,NA,9,0.529411765,0.751555556,2.888888889,6.764,0.888888889
B41,B,41,6,CCPea,MastersChoice,2021,8/30/2021,no,10/4/2021,0,NA,NA,0.5999,1.5632,0.383764074,NA,NA,NA,NA,NA,NA
B42,B,42,6,CCPea,MastersChoice,2021,8/30/2021,no,10/4/2021,0,NA,NA,NA,NA,NA,NA,NA,NA,NA,NA,NA
B43,B,43,6,CCPea,MastersChoice,2021,8/30/2021,yes,10/4/2021,19,NA,NA,NA,0.9675,NA,7,0.368421053,0.999285714,3,6.995,1
B44,B,44,6,CCPea,MastersChoice,2021,8/30/2021,yes,10/4/2021,15,NA,NA,NA,1.3137,NA,7,0.466666667,0.794142857,2.714285714,5.559,0.714285714
B45,B,45,6,CCPea,MastersChoice,2021,8/30/2021,no,10/4/2021,0,NA,NA,0.7971,1.2696,0.627835539,NA,NA,NA,NA,NA,NA
B46,B,46,6,CCPea,MastersChoice,2021,8/30/2021,yes,10/4/2021,19,NA,NA,NA,1.2947,NA,1,0.052631579,0.702,3,0.702,1
B47,B,47,6,CCPea,MastersChoice,2021,8/30/2021,no,10/4/2021,0,NA,NA,0.9003,1.2519,0.719146897,NA,NA,NA,NA,NA,NA
B48,B,48,6,CCPea,MastersChoice,2021,8/30/2021,yes,10/4/2021,18,NA,NA,NA,1.2621,NA,7,0.388888889,0.373,3,2.238,0.857142857
C41,C,41,6,CCRadish,MastersChoice,2021,8/30/2021,yes,10/4/2021,18,NA,NA,NA,0.8961,NA,3,0.166666667,0.334,3,1.002,1
C42,C,42,6,CCRadish,MastersChoice,2021,8/30/2021,yes,10/4/2021,18,NA,NA,NA,0.7216,NA,9,0.5,0.216666667,2.777777778,1.95,0.777777778
C43,C,43,6,CCRadish,MastersChoice,2021,8/30/2021,yes,10/4/2021,19,NA,NA,NA,0.7116,NA,4,0.210526316,0.94,2.75,3.76,0.75
C44,C,44,6,CCRadish,MastersChoice,2021,8/30/2021,no,10/4/2021,0,NA,NA,1.0907,1.1168,0.976629656,NA,NA,NA,NA,NA,NA
C45,C,45,6,CCRadish,MastersChoice,2021,8/30/2021,no,10/4/2021,0,NA,NA,0.5938,0.8468,0.701228153,NA,NA,NA,NA,NA,NA
C46,C,46,6,CCRadish,MastersChoice,2021,8/30/2021,no,10/4/2021,0,NA,NA,0.4992,0.8657,0.576643179,NA,NA,NA,NA,NA,NA
C47,C,47,6,CCRadish,MastersChoice,2021,8/30/2021,no,10/4/2021,0,NA,NA,0.8323,1.0929,0.761551835,NA,NA,NA,NA,NA,NA
C48,C,48,6,CCRadish,MastersChoice,2021,8/30/2021,yes,10/4/2021,19,NA,NA,NA,1.0128,NA,7,0.368421053,0.317857143,3,2.225,0.857142857
D41,D,41,6,CCTriticale,MastersChoice,2021,8/30/2021,yes,10/4/2021,15,NA,NA,NA,1.6482,NA,6,0.4,0.486666667,2.5,2.92,0.5
D42,D,42,6,CCTriticale,MastersChoice,2021,8/30/2021,yes,10/4/2021,16,NA,NA,NA,1.6175,NA,9,0.5625,0.863555556,3,7.772,1
D43,D,43,6,CCTriticale,MastersChoice,2021,8/30/2021,no,10/4/2021,0,NA,NA,0.9423,1.8999,0.495973472,NA,NA,NA,NA,NA,NA
D44,D,44,6,CCTriticale,MastersChoice,2021,8/30/2021,no,10/4/2021,0,NA,NA,0.7652,1.038,0.737186898,NA,NA,NA,NA,NA,NA
D45,D,45,6,CCTriticale,MastersChoice,2021,8/30/2021,no,10/4/2021,0,NA,NA,1.3959,1.322,1.055900151,NA,NA,NA,NA,NA,NA
D46,D,46,6,CCTriticale,MastersChoice,2021,8/30/2021,no,10/4/2021,0,NA,NA,0.5613,1.058,0.530529301,NA,NA,NA,NA,NA,NA
D47,D,47,6,CCTriticale,MastersChoice,2021,8/30/2021,yes,10/4/2021,17,NA,NA,NA,1.4284,NA,6,0.352941176,0.9745,3,5.847,1
D48,D,48,6,CCTriticale,MastersChoice,2021,8/30/2021,yes,10/4/2021,17,NA,NA,NA,0.5535,NA,9,0.529411765,0.793333333,2.777777778,7.14,0.777777778
E41,E,41,6,CCMix,MastersChoice,2021,8/30/2021,no,10/4/2021,0,NA,NA,0.7079,1.2351,0.573151972,NA,NA,NA,NA,NA,NA
E42,E,42,6,CCMix,MastersChoice,2021,8/30/2021,yes,10/4/2021,19,NA,NA,NA,1.0072,NA,8,0.421052632,0.513625,2.875,4.109,0.875
E43,E,43,6,CCMix,MastersChoice,2021,8/30/2021,yes,10/4/2021,18,NA,NA,NA,1.235,NA,5,0.277777778,1.2278,3,6.139,1
E44,E,44,6,CCMix,MastersChoice,2021,8/30/2021,no,10/4/2021,0,NA,NA,0.7922,1.2934,0.612494201,NA,NA,NA,NA,NA,NA
E45,E,45,6,CCMix,MastersChoice,2021,8/30/2021,no,10/4/2021,0,NA,NA,0.98,1.0661,0.919238345,NA,NA,NA,NA,NA,NA
E46,E,46,6,CCMix,MastersChoice,2021,8/30/2021,yes,10/4/2021,20,NA,NA,NA,1.1984,NA,4,0.2,1.72625,3,6.905,1
E47,E,47,6,CCMix,MastersChoice,2021,8/30/2021,yes,10/4/2021,19,NA,NA,NA,0.7611,NA,4,0.210526316,1.006,3,4.024,1
E48,E,48,6,CCMix,MastersChoice,2021,8/30/2021,no,10/4/2021,0,NA,NA,0.7694,1.2906,0.596156826,NA,NA,NA,NA,NA,NA
F41,F,41,6,ConvFallow,MastersChoice,2021,8/30/2021,no,10/4/2021,0,NA,NA,0.6193,1.1699,0.529361484,,,,,,
F42,F,42,6,ConvFallow,MastersChoice,2021,8/30/2021,no,10/4/2021,0,NA,NA,0.3602,0.5995,0.600834028,,,,,,
F43,F,43,6,ConvFallow,MastersChoice,2021,8/30/2021,yes,10/4/2021,19,NA,NA,NA,1.0094,NA,,,,,,
F44,F,44,6,ConvFallow,MastersChoice,2021,8/30/2021,yes,10/4/2021,18,NA,NA,NA,0.9682,NA,,,,,,
F45,F,45,6,ConvFallow,MastersChoice,2021,8/30/2021,no,10/4/2021,0,NA,NA,0.7262,0.7551,0.961726924,,,,,,
F46,F,46,6,ConvFallow,MastersChoice,2021,8/30/2021,yes,10/4/2021,18,NA,NA,NA,0.7617,NA,,,,,,
F47,F,47,6,ConvFallow,MastersChoice,2021,8/30/2021,no,10/4/2021,0,NA,NA,0.354,0.8451,0.418885339,,,,,,
F48,F,48,6,ConvFallow,MastersChoice,2021,8/30/2021,yes,10/4/2021,16,NA,NA,NA,1.0744,NA,,,,,,
G41,G,41,6,CCFallow,BlueRiverOrganic,2021,8/30/2021,yes,10/4/2021,20,NA,NA,NA,1.3333,NA,1,0.05,0.329,2,0.329,0
G42,G,42,6,CCFallow,BlueRiverOrganic,2021,8/30/2021,yes,10/4/2021,19,NA,NA,NA,1.1719,NA,9,0.473684211,0.607666667,2.333333333,5.469,0.333333333
G43,G,43,6,CCFallow,BlueRiverOrganic,2021,8/30/2021,yes,10/4/2021,18,NA,NA,NA,0.8763,NA,6,0.333333333,0.492333333,2.833333333,2.954,0.833333333
G44,G,44,6,CCFallow,BlueRiverOrganic,2021,8/30/2021,no,10/4/2021,0,NA,NA,1.0853,0.8698,1.247758105,NA,NA,NA,NA,NA,NA
G45,G,45,6,CCFallow,BlueRiverOrganic,2021,8/30/2021,no,10/4/2021,0,NA,NA,1.1283,1.0572,1.067253121,NA,NA,NA,NA,NA,NA
G46,G,46,6,CCFallow,BlueRiverOrganic,2021,8/30/2021,no,10/4/2021,0,NA,NA,0.592,1.189,0.497897393,NA,NA,NA,NA,NA,NA
G47,G,47,6,CCFallow,BlueRiverOrganic,2021,8/30/2021,no,10/4/2021,0,NA,NA,0.7776,1.2754,0.609691077,NA,NA,NA,NA,NA,NA
G48,G,48,6,CCFallow,BlueRiverOrganic,2021,8/30/2021,yes,10/4/2021,20,NA,NA,NA,0.9494,NA,11,0.55,1.037909091,2.909090909,11.417,0.909090909
H41,H,41,6,CCPea,BlueRiverOrganic,2021,8/30/2021,no,10/4/2021,0,NA,NA,1.0055,0.8418,1.194464243,NA,NA,NA,NA,NA,NA
H42,H,42,6,CCPea,BlueRiverOrganic,2021,8/30/2021,yes,10/4/2021,20,NA,NA,NA,NA,NA,9,0.45,0.748222222,3,6.734,1
H43,H,43,6,CCPea,BlueRiverOrganic,2021,8/30/2021,yes,10/4/2021,19,NA,NA,NA,1.3521,NA,10,0.526315789,0.621333333,2.7,5.592,0.7
H44,H,44,6,CCPea,BlueRiverOrganic,2021,8/30/2021,yes,10/4/2021,19,NA,NA,NA,1.3137,NA,4,0.210526316,1.564,3,6.256,1
H45,H,45,6,CCPea,BlueRiverOrganic,2021,8/30/2021,yes,10/4/2021,18,NA,NA,NA,1.733,NA,17,0.944444444,1.492777778,2.882352941,13.435,0.882352941
H46,H,46,6,CCPea,BlueRiverOrganic,2021,8/30/2021,no,10/4/2021,0,NA,NA,0.9531,1.121,0.850223015,NA,NA,NA,NA,NA,NA
H47,H,47,6,CCPea,BlueRiverOrganic,2021,8/30/2021,no,10/4/2021,0,NA,NA,0.6104,1.1236,0.543253827,NA,NA,NA,NA,NA,NA
H48,H,48,6,CCPea,BlueRiverOrganic,2021,8/30/2021,no,10/4/2021,0,NA,NA,0.883,1.4762,0.598157431,NA,NA,NA,NA,NA,NA
I41,I,41,6,CCRadish,BlueRiverOrganic,2021,8/30/2021,no,10/4/2021,0,NA,NA,0.5027,1.0241,0.490870032,NA,NA,NA,NA,NA,NA
I42,I,42,6,CCRadish,BlueRiverOrganic,2021,8/30/2021,no,10/4/2021,0,NA,NA,0.7416,1.1688,0.63449692,NA,NA,NA,NA,NA,NA
I43,I,43,6,CCRadish,BlueRiverOrganic,2021,8/30/2021,yes,10/4/2021,15,NA,NA,NA,0.8714,NA,7,0.466666667,0.724833333,2.833333333,4.349,0.714285714
I44,I,44,6,CCRadish,BlueRiverOrganic,2021,8/30/2021,yes,10/4/2021,16,NA,NA,NA,0.9681,NA,4,0.25,0.77425,3,3.097,1
I45,I,45,6,CCRadish,BlueRiverOrganic,2021,8/30/2021,yes,10/4/2021,19,NA,NA,NA,0.8633,NA,2,0.105263158,1.4925,3,2.985,1
I46,I,46,6,CCRadish,BlueRiverOrganic,2021,8/30/2021,yes,10/4/2021,17,NA,NA,NA,0.9292,NA,8,0.470588235,0.96425,3,7.714,1
I47,I,47,6,CCRadish,BlueRiverOrganic,2021,8/30/2021,no,10/4/2021,0,NA,NA,0.6162,0.8503,0.724685405,NA,NA,NA,NA,NA,NA
I48,I,48,6,CCRadish,BlueRiverOrganic,2021,8/30/2021,no,10/4/2021,0,NA,NA,0.6995,1.1693,0.598221158,NA,NA,NA,NA,NA,NA
J41,J,41,6,CCTriticale,BlueRiverOrganic,2021,8/30/2021,yes,10/4/2021,19,NA,NA,NA,1.5752,NA,8,0.421052632,0.542,2.875,4.336,0.875
J42,J,42,6,CCTriticale,BlueRiverOrganic,2021,8/30/2021,yes,10/4/2021,19,NA,NA,NA,1.7709,NA,3,0.157894737,1.653,3,4.959,1
J43,J,43,6,CCTriticale,BlueRiverOrganic,2021,8/30/2021,no,10/4/2021,0,NA,NA,0.8158,1.202,0.678702163,NA,NA,NA,NA,NA,NA
J44,J,44,6,CCTriticale,BlueRiverOrganic,2021,8/30/2021,yes,10/4/2021,20,NA,NA,NA,1.4678,NA,5,0.25,0.6766,2.6,3.383,0.6
J45,J,45,6,CCTriticale,BlueRiverOrganic,2021,8/30/2021,no,10/4/2021,0,NA,NA,1.2223,1.2723,0.960701093,NA,NA,NA,NA,NA,NA
J46,J,46,6,CCTriticale,BlueRiverOrganic,2021,8/30/2021,yes,10/4/2021,19,NA,NA,NA,1.2972,NA,3,0.157894737,0.717333333,3,2.152,1
J47,J,47,6,CCTriticale,BlueRiverOrganic,2021,8/30/2021,no,10/4/2021,0,NA,NA,0.6121,1.2248,0.499755062,NA,NA,NA,NA,NA,NA
J48,J,48,6,CCTriticale,BlueRiverOrganic,2021,8/30/2021,no,10/4/2021,0,NA,NA,1.0973,0.9151,1.199103923,NA,NA,NA,NA,NA,NA
K41,K,41,6,CCMix,BlueRiverOrganic,2021,8/30/2021,yes,10/4/2021,17,NA,NA,NA,0.8416,NA,7,0.411764706,0.845666667,2.5,5.074,0.571428571
K42,K,42,6,CCMix,BlueRiverOrganic,2021,8/30/2021,no,10/4/2021,0,NA,NA,0.7539,1.4517,0.519322174,NA,NA,NA,NA,NA,NA
K43,K,43,6,CCMix,BlueRiverOrganic,2021,8/30/2021,no,10/4/2021,0,NA,NA,0.7145,1.4031,0.509229563,NA,NA,NA,NA,NA,NA
K44,K,44,6,CCMix,BlueRiverOrganic,2021,8/30/2021,yes,10/4/2021,18,NA,NA,NA,0.8516,NA,3,0.166666667,0.455666667,2.333333333,1.367,0.333333333
K45,K,45,6,CCMix,BlueRiverOrganic,2021,8/30/2021,no,10/4/2021,0,NA,NA,0.519,1.029,0.504373178,NA,NA,NA,NA,NA,NA
K46,K,46,6,CCMix,BlueRiverOrganic,2021,8/30/2021,yes,10/4/2021,14,NA,NA,NA,1.35,NA,7,0.5,1.055833333,2.666666667,6.335,0.571428571
K47,K,47,6,CCMix,BlueRiverOrganic,2021,8/30/2021,no,10/4/2021,0,NA,NA,0.4567,0.8397,0.543884721,NA,NA,NA,NA,NA,NA
K48,K,48,6,CCMix,BlueRiverOrganic,2021,8/30/2021,yes,10/4/2021,18,NA,NA,NA,1.8335,NA,8,0.444444444,1.298375,3,10.387,1
L41,L,41,6,ConvFallow,BlueRiverOrganic,2021,8/30/2021,yes,10/4/2021,20,NA,NA,NA,1.1263,NA,,,,,,
L42,L,42,6,ConvFallow,BlueRiverOrganic,2021,8/30/2021,no,10/4/2021,0,NA,NA,0.8722,1.1292,0.772405243,,,,,,
L43,L,43,6,ConvFallow,BlueRiverOrganic,2021,8/30/2021,no,10/4/2021,0,NA,NA,0.3891,0.7523,0.517213877,,,,,,
L44,L,44,6,ConvFallow,BlueRiverOrganic,2021,8/30/2021,yes,10/4/2021,20,NA,NA,NA,1.2286,NA,,,,,,
L45,L,45,6,ConvFallow,BlueRiverOrganic,2021,8/30/2021,no,10/4/2021,0,NA,NA,0.4543,0.9061,0.501379539,,,,,,
L46,L,46,6,ConvFallow,BlueRiverOrganic,2021,8/30/2021,no,10/4/2021,0,NA,NA,0.4732,0.8877,0.533062972,,,,,,
L47,L,47,6,ConvFallow,BlueRiverOrganic,2021,8/30/2021,yes,10/4/2021,19,NA,NA,NA,1.6828,NA,,,,,,
L48,L,48,6,ConvFallow,BlueRiverOrganic,2021,8/30/2021,yes,10/4/2021,17,NA,NA,NA,0.9731,NA,,,,,,
A1,A,1,7,CCFallow,MastersChoice,2023,5/20/2023,yes,6/26/2023,15,NA,NA,NA,1.3507,NA,1,0.066666667,0.298,NA,0.298,NA
A2,A,2,7,CCFallow,MastersChoice,2023,5/20/2023,no,6/26/2023,15,NA,NA,2.3989,1.1362,2.111336032,NA,NA,NA,NA,NA,NA
A3,A,3,7,CCFallow,MastersChoice,2023,5/20/2023,yes,6/26/2023,15,NA,NA,NA,1.2754,NA,1,0.066666667,0.579,NA,0.579,NA
A4,A,4,7,CCFallow,MastersChoice,2023,5/20/2023,no,6/26/2023,15,NA,NA,1.974,0.877,2.250855188,NA,NA,NA,NA,NA,NA
A5,A,5,7,CCFallow,MastersChoice,2023,5/20/2023,yes,6/26/2023,15,NA,NA,NA,1.31,NA,2,0.133333333,0.231,NA,0.462,NA
A6,A,6,7,CCFallow,MastersChoice,2023,5/20/2023,yes,6/26/2023,15,NA,NA,NA,1.4833,NA,4,0.266666667,0.56525,NA,2.261,NA
A7,A,7,7,CCFallow,MastersChoice,2023,5/20/2023,no,6/26/2023,15,NA,NA,0.8203,1.0139,0.809054147,NA,NA,NA,NA,NA,NA
A8,A,8,7,CCFallow,MastersChoice,2023,5/20/2023,no,6/26/2023,15,NA,NA,1.3917,1.4677,0.948218301,NA,NA,NA,NA,NA,NA
A9,A,9,7,CCFallow,MastersChoice,2023,5/20/2023,yes,6/26/2023,15,NA,NA,NA,0.9858,NA,1,0.066666667,2.079,NA,2.079,NA
A10,A,10,7,CCFallow,MastersChoice,2023,5/20/2023,no,6/26/2023,15,NA,NA,1.0287,0.7408,1.388633909,NA,NA,NA,NA,NA,NA
A11,A,11,7,CCFallow,MastersChoice,2023,5/20/2023,yes,6/26/2023,15,NA,NA,NA,0.6731,NA,2,0.133333333,0.665,NA,1.33,NA
A12,A,12,7,CCFallow,MastersChoice,2023,5/20/2023,no,6/26/2023,15,NA,NA,1.8268,0.5414,3.374214998,NA,NA,NA,NA,NA,NA
A13,A,13,7,CCFallow,MastersChoice,2023,5/20/2023,yes,6/26/2023,15,NA,NA,NA,0.6779,NA,4,0.266666667,0.85325,NA,3.413,NA
A14,A,14,7,CCFallow,MastersChoice,2023,5/20/2023,no,6/26/2023,15,NA,NA,2.2149,0.6311,3.509586436,NA,NA,NA,NA,NA,NA
A15,A,15,7,CCFallow,MastersChoice,2023,5/20/2023,yes,6/26/2023,15,NA,NA,NA,0.7519,NA,2,0.133333333,0.387,NA,0.774,NA
A16,A,16,7,CCFallow,MastersChoice,2023,5/20/2023,no,6/26/2023,15,NA,NA,1.8582,0.8321,2.233145055,NA,NA,NA,NA,NA,NA
A17,A,17,7,CCFallow,MastersChoice,2023,5/20/2023,yes,6/26/2023,15,NA,NA,NA,0.5965,NA,3,0.2,0.846666667,NA,2.54,NA
A18,A,18,7,CCFallow,MastersChoice,2023,5/20/2023,no,6/26/2023,15,NA,NA,1.4393,0.6173,2.331605378,NA,NA,NA,NA,NA,NA
A19,A,19,7,CCFallow,MastersChoice,2023,5/20/2023,yes,6/26/2023,15,NA,NA,NA,0.6635,NA,10,0.666666667,0.597,NA,5.97,NA
A20,A,20,7,CCFallow,MastersChoice,2023,5/20/2023,no,6/26/2023,15,NA,NA,1.8458,0.6998,2.637610746,NA,NA,NA,NA,NA,NA
B1,B,1,7,CCPea,MastersChoice,2023,5/20/2023,no,6/26/2023,15,NA,NA,3.7631,0.8222,4.576866942,NA,NA,NA,NA,NA,NA
B2,B,2,7,CCPea,MastersChoice,2023,5/20/2023,yes,6/26/2023,15,NA,NA,NA,0.7978,NA,1,0.066666667,0.065,NA,0.065,NA
B3,B,3,7,CCPea,MastersChoice,2023,5/20/2023,no,6/26/2023,15,NA,NA,1.82,0.8794,2.069592904,NA,NA,NA,NA,NA,NA
B4,B,4,7,CCPea,MastersChoice,2023,5/20/2023,yes,6/26/2023,15,NA,NA,NA,0.8986,NA,2,0.133333333,0.8715,NA,1.743,NA
B5,B,5,7,CCPea,MastersChoice,2023,5/20/2023,yes,6/26/2023,15,NA,NA,NA,1.1781,NA,1,0.066666667,1.0003,NA,1.0003,NA
B6,B,6,7,CCPea,MastersChoice,2023,5/20/2023,no,6/26/2023,15,NA,NA,2.6125,0.769,3.397269181,NA,NA,NA,NA,NA,NA
B7,B,7,7,CCPea,MastersChoice,2023,5/20/2023,no,6/26/2023,15,NA,NA,3.3594,0.8039,4.17887797,NA,NA,NA,NA,NA,NA
B8,B,8,7,CCPea,MastersChoice,2023,5/20/2023,no,6/26/2023,15,NA,NA,1.5287,1.0492,1.457014868,NA,NA,NA,NA,NA,NA
B9,B,9,7,CCPea,MastersChoice,2023,5/20/2023,no,6/26/2023,15,NA,NA,1.1501,0.772,1.489766839,NA,NA,NA,NA,NA,NA
B10,B,10,7,CCPea,MastersChoice,2023,5/20/2023,no,6/26/2023,15,NA,NA,0.5938,0.4119,1.441612042,NA,NA,NA,NA,NA,NA
B11,B,11,7,CCPea,MastersChoice,2023,5/20/2023,yes,6/26/2023,15,NA,NA,NA,0.4693,NA,3,0.2,0.684666667,NA,2.054,NA
B12,B,12,7,CCPea,MastersChoice,2023,5/20/2023,yes,6/26/2023,15,NA,NA,NA,0.8847,NA,6,0.4,1.082166667,NA,6.493,NA
B13,B,13,7,CCPea,MastersChoice,2023,5/20/2023,yes,6/26/2023,15,NA,NA,NA,0.6021,NA,5,0.333333333,0.694,NA,3.47,NA
B14,B,14,7,CCPea,MastersChoice,2023,5/20/2023,yes,6/26/2023,15,NA,NA,NA,0.77,NA,3,0.2,0.481,NA,1.443,NA
B15,B,15,7,CCPea,MastersChoice,2023,5/20/2023,yes,6/26/2023,15,NA,NA,NA,0.7426,NA,1,0.066666667,0.209,NA,0.209,NA
C1,C,1,7,CCRadish,MastersChoice,2023,5/20/2023,yes,6/26/2023,15,NA,NA,NA,0.9813,NA,1,0.066666667,0.327,NA,0.327,NA
C2,C,2,7,CCRadish,MastersChoice,2023,5/20/2023,yes,6/26/2023,15,NA,NA,NA,0.7549,NA,4,0.266666667,1.25325,NA,5.013,NA
C3,C,3,7,CCRadish,MastersChoice,2023,5/20/2023,yes,6/26/2023,15,NA,NA,NA,0.8325,NA,2,0.133333333,0.743,NA,1.486,NA
C4,C,4,7,CCRadish,MastersChoice,2023,5/20/2023,yes,6/26/2023,15,NA,NA,NA,0.6414,NA,3,0.2,0.73,NA,2.19,NA
C5,C,5,7,CCRadish,MastersChoice,2023,5/20/2023,yes,6/26/2023,15,NA,NA,NA,0.8753,NA,missing,missing,missng,NA,missing,NA
C6,C,6,7,CCRadish,MastersChoice,2023,5/20/2023,no,6/26/2023,15,NA,NA,2.115,0.5678,3.724903135,NA,NA,NA,NA,NA,NA
C7,C,7,7,CCRadish,MastersChoice,2023,5/20/2023,yes,6/26/2023,15,NA,NA,NA,0.5703,NA,3,0.2,0.699333333,NA,2.098,NA
C8,C,8,7,CCRadish,MastersChoice,2023,5/20/2023,no,6/26/2023,15,NA,NA,1.2766,0.6296,2.027636595,NA,NA,NA,NA,NA,NA
C9,C,9,7,CCRadish,MastersChoice,2023,5/20/2023,yes,6/26/2023,15,NA,NA,NA,0.9971,NA,8,0.533333333,1.039,NA,8.312,NA
C10,C,10,7,CCRadish,MastersChoice,2023,5/20/2023,yes,6/26/2023,15,NA,NA,NA,0.7748,NA,0,0,NA,NA,NA,NA
C11,C,11,7,CCRadish,MastersChoice,2023,5/20/2023,no,6/26/2023,15,NA,NA,1.8437,0.7721,2.387903121,NA,NA,NA,NA,NA,NA
C12,C,12,7,CCRadish,MastersChoice,2023,5/20/2023,yes,6/26/2023,15,NA,NA,NA,1.0471,NA,3,0.2,1.018666667,NA,3.056,NA
C13,C,13,7,CCRadish,MastersChoice,2023,5/20/2023,no,6/26/2023,15,NA,NA,2.1173,0.8847,2.393240647,NA,NA,NA,NA,NA,NA
C14,C,14,7,CCRadish,MastersChoice,2023,5/20/2023,no,6/26/2023,15,NA,NA,1.9148,0.6616,2.894195889,NA,NA,NA,NA,NA,NA
C15,C,15,7,CCRadish,MastersChoice,2023,5/20/2023,no,6/26/2023,15,NA,NA,missing,missing,NA,NA,NA,NA,NA,NA,NA
C16,C,16,7,CCRadish,MastersChoice,2023,5/20/2023,yes,6/26/2023,15,NA,NA,NA,1.1862,NA,1,0.066666667,0.335,NA,0.335,NA
C17,C,17,7,CCRadish,MastersChoice,2023,5/20/2023,no,6/26/2023,15,NA,NA,2.5853,1.1717,2.206452164,NA,NA,NA,NA,NA,NA
C18,C,18,7,CCRadish,MastersChoice,2023,5/20/2023,no,6/26/2023,15,NA,NA,1.7178,0.5346,3.213243547,NA,NA,NA,NA,NA,NA
C19,C,19,7,CCRadish,MastersChoice,2023,5/20/2023,no,6/26/2023,15,NA,NA,1.4634,0.8238,1.776402039,NA,NA,NA,NA,NA,NA
D1,D,1,7,CCTriticale,MastersChoice,2023,5/20/2023,yes,6/26/2023,15,NA,NA,NA,0.4771,NA,0,0,NA,NA,NA,NA
D2,D,2,7,CCTriticale,MastersChoice,2023,5/20/2023,yes,6/26/2023,15,NA,NA,NA,0.6968,NA,1,0.066666667,0.89,NA,0.89,NA
D3,D,3,7,CCTriticale,MastersChoice,2023,5/20/2023,no,6/26/2023,15,NA,NA,1.0731,0.5919,1.812975165,NA,NA,NA,NA,NA,NA
D4,D,4,7,CCTriticale,MastersChoice,2023,5/20/2023,yes,6/26/2023,15,NA,NA,NA,0.7101,NA,4,0.266666667,0.95225,NA,3.809,NA
D5,D,5,7,CCTriticale,MastersChoice,2023,5/20/2023,no,6/26/2023,15,NA,NA,1.9806,0.5635,3.514818101,NA,NA,NA,NA,NA,NA
D6,D,6,7,CCTriticale,MastersChoice,2023,5/20/2023,yes,6/26/2023,15,NA,NA,NA,0.5686,NA,1,0.066666667,0.979,NA,0.979,NA
D7,D,7,7,CCTriticale,MastersChoice,2023,5/20/2023,no,6/26/2023,15,NA,NA,NA,0.5223,NA,2,0.133333333,0.663,NA,1.326,NA
D8,D,8,7,CCTriticale,MastersChoice,2023,5/20/2023,no,6/26/2023,15,NA,NA,1.6329,0.8421,1.939080869,NA,NA,NA,NA,NA,NA
D9,D,9,7,CCTriticale,MastersChoice,2023,5/20/2023,yes,6/26/2023,15,NA,NA,NA,0.7025,NA,5,0.333333333,1.0836,NA,5.418,NA
D10,D,10,7,CCTriticale,MastersChoice,2023,5/20/2023,no,6/26/2023,15,NA,NA,0.9142,0.8896,1.027652878,NA,NA,NA,NA,NA,NA
D11,D,11,7,CCTriticale,MastersChoice,2023,5/20/2023,yes,6/26/2023,17,NA,NA,NA,0.8213,NA,17,1,1.044941176,NA,17.764,NA
D12,D,12,7,CCTriticale,MastersChoice,2023,5/20/2023,no,6/26/2023,15,NA,NA,3.3019,0.5023,6.573561617,NA,NA,NA,NA,NA,NA
D13,D,13,7,CCTriticale,MastersChoice,2023,5/20/2023,no,6/26/2023,15,NA,NA,0.5292,0.467,1.133190578,NA,NA,NA,NA,NA,NA
D14,D,14,7,CCTriticale,MastersChoice,2023,5/20/2023,yes,6/26/2023,15,NA,NA,1.0121,0.4838,2.091980157,NA,NA,NA,NA,NA,NA
D15,D,15,7,CCTriticale,MastersChoice,2023,5/20/2023,no,6/26/2023,15,NA,NA,0.692,0.8124,0.851797144,NA,NA,NA,NA,NA,NA
D16,D,16,7,CCTriticale,MastersChoice,2023,5/20/2023,yes,6/26/2023,15,NA,NA,NA,0.823,NA,4,0.266666667,0.6885,NA,2.754,NA
E1,E,1,7,CCMix,MastersChoice,2023,5/20/2023,yes,6/26/2023,15,NA,NA,NA,0.5591,NA,2,0.133333333,1.7155,NA,3.431,NA
E2,E,2,7,CCMix,MastersChoice,2023,5/20/2023,yes,6/26/2023,15,NA,NA,NA,1.1392,NA,0,0,NA,NA,NA,NA
E3,E,3,7,CCMix,MastersChoice,2023,5/20/2023,yes,6/26/2023,15,NA,NA,NA,1.0112,NA,0,0,NA,NA,NA,NA
E4,E,4,7,CCMix,MastersChoice,2023,5/20/2023,no,6/26/2023,15,NA,NA,missing,missing,NA,NA,NA,NA,NA,NA,NA
E5,E,5,7,CCMix,MastersChoice,2023,5/20/2023,no,6/26/2023,15,NA,NA,4.1735,2.1952,1.901193513,NA,NA,NA,NA,NA,NA
E6,E,6,7,CCMix,MastersChoice,2023,5/20/2023,yes,6/26/2023,15,NA,NA,NA,0.8522,NA,1,0.066666667,1.396,NA,1.396,NA
E7,E,7,7,CCMix,MastersChoice,2023,5/20/2023,yes,6/26/2023,15,NA,NA,NA,1.1903,NA,4,0.266666667,0.6795,NA,2.718,NA
E8,E,8,7,CCMix,MastersChoice,2023,5/20/2023,no,6/26/2023,15,NA,NA,2.4802,0.8495,2.919599765,NA,NA,NA,NA,NA,NA
E9,E,9,7,CCMix,MastersChoice,2023,5/20/2023,yes,6/26/2023,15,NA,NA,NA,0.7806,NA,7,0.466666667,1.491428571,NA,10.44,NA
E10,E,10,7,CCMix,MastersChoice,2023,5/20/2023,no,6/26/2023,15,NA,NA,2.2778,1.3106,1.737982603,NA,NA,NA,NA,NA,NA
E11,E,11,7,CCMix,MastersChoice,2023,5/20/2023,no,6/26/2023,15,NA,NA,2.3647,0.8133,2.907537194,NA,NA,NA,NA,NA,NA
E12,E,12,7,CCMix,MastersChoice,2023,5/20/2023,yes,6/26/2023,15,NA,NA,NA,0.6066,NA,3,0.2,0.492333333,NA,1.477,NA
E13,E,13,7,CCMix,MastersChoice,2023,5/20/2023,yes,6/26/2023,15,NA,NA,NA,1.0607,NA,4,0.266666667,1.45425,NA,5.817,NA
E14,E,14,7,CCMix,MastersChoice,2023,5/20/2023,yes,6/26/2023,15,NA,NA,NA,0.5635,NA,5,0.333333333,0.8078,NA,4.039,NA
E15,E,15,7,CCMix,MastersChoice,2023,5/20/2023,no,6/26/2023,15,NA,NA,4.9024,0.8905,5.505221786,NA,NA,NA,NA,NA,NA
E16,E,16,7,CCMix,MastersChoice,2023,5/20/2023,yes,6/26/2023,15,NA,NA,NA,0.6519,NA,3,0.2,1.848666667,NA,5.546,NA
E17,E,17,7,CCMix,MastersChoice,2023,5/20/2023,no,6/26/2023,15,NA,NA,2.6493,1.5142,1.749636772,NA,NA,NA,NA,NA,NA
E18,E,18,7,CCMix,MastersChoice,2023,5/20/2023,no,6/26/2023,15,NA,NA,2.0251,0.8406,2.409112539,NA,NA,NA,NA,NA,NA
E19,E,19,7,CCMix,MastersChoice,2023,5/20/2023,no,6/26/2023,15,NA,NA,0.6485,0.5082,1.276072412,NA,NA,NA,NA,NA,NA
E20,E,20,7,CCMix,MastersChoice,2023,5/20/2023,no,6/26/2023,15,NA,NA,0.7141,0.4844,1.47419488,NA,NA,NA,NA,NA,NA
